제공기관명,축제명,개최장소,소재지도로명주소
충북_충주시,우륵문화제,충주공설운동장,충청북도 충주시 예성로 266
충북_충주시,충주호수축제,충주탄금호국제조정경기장,충청북도 충주시 중앙로 128
충북_충주시,충주세계무예축제,충주세계무술공원,충청북도 충주시 남한강로 26
충북_충주시,충주호벚꽃축제,충주댐관장,충청북도 충주시 충인1길 12
충북_충주시,세종대왕과 초정약수 축제,내수초정문화공원,충청북도 청주시 청원구 내수읍 초정약수로 851
충북_진천군,생거진천 문화축제,충북 진천군 진천읍 백곡천 둔치 일원,충청북도 진천군 진천읍 백사천길 17
충북_증평군,증평들노래축제,증평민속체험박물관,충청북도 증평군 증평읍 둔덕길 89
충북_증평군,증평인삼골축제,증평보강천체육공원,
충북_제천시,겨울왕국 제천페스티벌,시내 및 의림지 일원,충청북도 제천시 의림대로 242
충북_제천시,제천국제음악영화제,"시내일원, 의림지",충청북도 제천시 의림대로12길 14-1
충북_제천시,제천의병제,자양영당 등,충청북도 제천시 의림대로 125
충북_음성군,음성품바축제,설성공원,충청북도 음성군 음성읍 설성공원길 28
충북_음성군,설성문화제,설성공원,충청북도 음성군 음성읍 설성공원길 28
충북_음성군,음성명작페스티벌,금빛근린공원,
충북_음성군,음성들깨축제,금빛근린공원,
충북_옥천군,옥천군 평생학습 어울림 축제,옥천군 평생학습원 일원,충청북도 옥천군 옥천읍 관성로4길 10
충북_옥천군,옥천군민도서관 북페스티벌,옥천군 평생학습원 일원,충청북도 옥천군 옥천읍 관성로4길 10
충북_옥천군,청소년 축제,청소년수련관,충청북도 옥천군 옥천읍 동부로39
충북_옥천군,안터마을 반딧불이 축제,충청북도 옥천군 석탄리 안터마을,충청북도 옥천군 동이면 안터2길 4
충북_옥천군,제4회 옥천군민의 날 기념행사,옥천체육센터,충청북도 옥천군 옥천읍 동부로 39-1
충북_옥천군,옥천깻잎축제,군서초등학교 일원,충청북도 옥천군 군서면 성왕로 517
충북_옥천군,지용제,정지용생가 및 구읍일원,충청북도 옥천군 옥천읍 관성로 35
충북_옥천군,중봉충렬제,관성회관 및 안남면표충사,충청북도 옥천군 옥천읍 관성로 35
충북_영동군,2020 영동곶감축제,영동군 영동읍 영동천일원(하상주차장),
충북_보은군,보은 대추 온라인축제,온라인축제,
충북_단양군,제24회 단양온달문화축제,영춘면 온달관광지 및 단양읍 일원,충청북도 단양군 영춘면 온달로 23
충북_괴산군,청천환경문화축제,청천면 환경문화전시관 일대,충청북도 괴산군 청천면 괴산로 1248
충북_괴산군,연풍조령제 및 자전거문화축제,연풍면 연풍중학교 일원,충청북도 괴산군 연풍면 향교로 55
충북_괴산군,문광은행나무마을축제,문광면 양곡저수지 일대,충청북도 괴산군 문광면 괴산로양곡5길 113-2
충북_괴산군,감물감자축제,감물면사무소 일원,충청북도 괴산군 감물면 남양동길 38
충북_괴산군,괴산올갱이축제,칠성면 둔율마을 일원,충청북도 괴산군 칠성면 둔율길 142
충북_괴산군,청천환경문화축제,청천면 환경문화전시관 일원,충청북도 괴산군 청천면 괴산로 1248
충북_괴산군,연풍조령문화제,연풍문화센터 광장 일원,충청북도 괴산군 연풍면 향교로 55
충북_괴산군,양곡은행나무축제,문광면 양곡저수지 일대,충청북도 괴산군 문광면 괴산로양곡5길 113-2
충북_괴산군,감물감자축제,감물면 농촌중심지 활성화센터 광장 일원,충청북도 괴산군 감물면 남양동길 38
충북_괴산군,둔율올갱이축제,칠성면 둔율마을 일원,충청북도 괴산군 칠성면 둔율길 142
충북_옥천군,지용제,지용생가 등 구읍 일원,충청북도 옥천군 옥천읍 향수길 56
충북_청주시,청주문화재야행,청주 원도심 일대,충청북도 청주시 상당구 성안로 39-2
충북_음성군,음성품바축제,설성공원 일원,충청북도 음성군 음성읍 설성공원길 28
충북_보은군,2021 보은대추축제,보청천 일원,충청북도 보은군 보은읍 뱃들로 54
충북_괴산군,괴산고추축제,유기농엑스포광장 일원,충청북도 괴산군 괴산읍 임꺽정로 75
충북_괴산군,괴산김장축제,괴산종합운동장 일원,충청북도 괴산군 괴산읍 임꺽정로 75
충북_옥천군,향수옥천포도복숭아축제,온라인,충청북도 옥천군 옥천읍 관성로 53
충북_제천시,제천국제음악영화제,미정,충청북도 제천시 의병대로12길 14-1
충북_보은군,오장환 문학제,오장환문학관 등,충청북도 보은군 회인면 회인로5길 12
충북_영동군,영동곶감축제,온라인,충청북도 영동군 영동읍 영동황간로122
충북_옥천군,중봉충렬제,"옥천 관성회관, 표충사",충청북도 옥천군 옥천읍 관성로 35
충남_홍성군,홍성남당항새조개축제,남당항 일원,충청남도 홍성군 서부면 남당항로213번길 25-62
충남_태안군,꽃지저녁노을축제,꽃지해안공원,충청남도 태안군 안면읍 승언리 산29-100
충남_태안군,백화산 해맞이 행사,백화산 정상,충청남도 태안군 태안읍 상옥리 산139-2
충남_태안군,연포 해맞이 행사,연포해수욕장,충청남도 태안군 근흥면 도황리 1526-170
충남_청양군,제21회 청양고추.구기자축제,백세공원일원,
충남_천안시,대학가요제 및 연합축제,안서동 천호지,충청남도 천안시 동남구 먹거리11길 30
충남_천안시,천안예술제,도솔광장,충청남도 천안시 동남구 신부동 143-1
충남_천안시,입장거봉포도축제,입장초등학교운동장,충청남도 천안시 서북구 입장면 하장4길 19
충남_천안시,천안성환배축제,성환문화회관,충청남도 천안시 서북구 성환읍 성진로 15
충남_천안시,천안호두축제,광덕쉼터,충청남도 천안시 동남구 광덕면 광덕리 403
충남_천안시,천안북면위례벚꽃축제,북면은석초등학교운동장,충청남도 천안시 동남구 북면 용암3길 10
충남_천안시,천안춤영화제,영화관,충청남도 천안시 동남구 중앙로 111
충남_천안시,천안흥타령춤축제,"삼거리공원 , 시내일원",충청남도 천안시 동남구 삼룡동 306-1
충남_예산군,예산장터삼국축제,예산전통시장,충청남도 예산군 예산읍 천변로 160
충남_예산군,예산황토사과축제,예산역전(주차장),
충남_예산군,의좋은형제축제,의좋은 형제공원,충청남도 예산군 대흥면 의좋은형제길 51
충남_예산군,윤봉길평화축제,예산군 덕산면 충의사,
충남_아산시,아산성웅이순신축제,온양온천역 광장 및 시내일원,충청남도 아산시 온천대로 1496
충남_아산시,신정호 별빛축제,아산시 신정호 야외음악당 및 잔디 일원,충청남도 아산시 신정로 616
충남_아산시,설화예술제,신정호 야외음악당 및 이순신체육관,충청남도 아산시 신정로 616
충남_아산시,도고 코미디 핫 페스트 IN 아산,파라다이스도고 잔디광장,충청남도 아산시 도고면 도고온천로 176
충남_아산시,짚풀문화제,아산 외암민속마을,충청남도 아산시 송악면 외암민속길9번길 13-2
충남_아산시,은행나무길 축제,곡교천 은행나무길,
충남_서산시,서산해미읍성축제,서산시 해미면 남문2로 143(해미읍성),충청남도 서산시 해미면 남문2로 143
충남_서산시,서산국화축제,서산시 고북면 가구리 52(한농원),충청남도 서산시 고북면 복남골길 31-1
충남_부여군,부여서동연꽃축제,서동공원,충청남도 부여군 부여읍 궁남로 52
충남_부여군,백제문화제,정림사지 박물관 일원,충청남도 부여군 부여읍 정림로 83
충남_보령시,제24회 보령머드축제,충청남도 보령시 대천해수욕장 일원,충청남도 보령시 대해로 897-15
충남_당진시,8.15. 프란치스코 데이,솔뫼성지 일원,충청남도 당진시 우강면 솔뫼로 132
충남_당진시,심훈상록문화제,당진시청 일원,충청남도 당진시 시청1로 1(수청동)
충남_당진시,삽교호조개구이 축제,삽교호 관광지 일원,충청남도 당진시 신평면 삽교천3길 79
충남_당진시,남이흥장군 문화제,충장사 일원,충청남도 당진시 대호지면 충장1길 73-48
충남_당진시,왜목해돋이축제,왜목마을 일대,충청남도 당진시 석문면 왜목길 26
충남_당진시,기지시줄다리기 민속축제,기지시줄다리기 박물관 일원,충청남도 당진시 송악읍 안틀모시길 11
충남_당진시,장고항 실치축제,장고항 일대,충청남도 당진시 석문면 장고항로 298-5
충남_당진시,한진포구 바지락 갯벌체험축제,한진포구 일대,충청남도 당진시 송악읍 한진포구길 50-1
충남_당진시,해나루 황토감자축제,상록초등학교 일원,충청남도 당진시 송악읍 송악로 1024
충남_당진시,면천 진달래축제,면천읍성 앞 광장 및 면천일원,충청남도 당진시 면천면 면천서문1길 69
충남_논산시,강경젓갈축제,강경읍일원,충청남도 논산시 강경읍 금백로 45
충남_논산시,연산백중놀이,연산전통시장,충청남도 논산시 연산면 연산4길 10-7
충남_금산군,금산인삼축제,금산인삼관 광장 및 인삼약초시장 일원,충청남도 금산군 금산읍 인삼광장로 30
충남_금산군,금산삼계탕축제,금산임삼관 광장 일원,충청남도 금산군 금산읍 인삼광장로 30
충남_금산군,비단고을산꽃축제,군북면 산꽃벚꽃마을 오토캠핑장,충청남도 금산군 군북면 자진뱅이길 95
충남_금산군,금산천봄꽃축제,금산읍 금산천 일원,충청남도 금산군 금산읍 금산천길 28
충남_금산군,남일면홍도화축제,남일면 홍도마을 일원,충청남도 금산군 남일면 대홍로 632-8
충남_공주시,공주항공축제,공주경비행기장(정안천 일원),충청남도 공주시 의당면 수촌리 943
충남_공주시,공주 금강여름축제,고마아트센터,충청남도 공주시 사곡면 마곡사로 854
충남_공주시,제65회 백제문화제,금강신관공원 및 공산성 일원,충청남도 공주시 신관동 553
충남_공주시,제16회 마곡사신록축제,사곡면 운암리 마곡사일원,충청남도 공주시 사곡면 마곡사로 966 마곡사
충남_공주시,2019 계룡산벚꽃축제,계룡산 동학사 일원,충청남도 공주시 반포면 동학사1로 167-31
충남_공주시,갑사황매화 축제,갑사일원,충청남도 공주시 계룡면 갑사로 567-3
충남_공주시,제64회 백제문화제,금강신관공원 및 공산성 일원,충청남도 공주시 신관동 553
충남_공주시,2019겨울공주군밤축제,고마아트센터,충청남도 공주시 금학동 111-1
충남_공주시,2019 백제어울마당,송산리고분군(무령왕릉) 일원,충청남도 공주시 왕릉로 37
충남_공주시,2019 웅진성수문병 근무교대식,공산성 금서루,충청남도 공주시 웅진로 280
충남_공주시,2019 공주 석장리 구석기축제,석장리박물관,충청남도 공주시 금벽로 990
충남_공주시,2019 계룡산산신제,계룡면 양화리 신원사일원,충청남도 공주시 계룡면 보목고개로 393
충남_공주시,제15회 마곡사신록축제,사곡면 운암리 마곡사일원,충청남도 공주시 사곡면 마곡사로 966 마곡사
충남_공주시,2018 계룡산벚꽃축제,계룡산 동학사 일원,충청남도 공주시 반포면 동학사1로 167-31
충남_공주시,2018 마곡사토요무대,마곡사관광지 야외무대,충청남도 공주시 사곡면 마곡사로 854
충남_공주시,2018 계룡산산신제,계룡면 양화리 신원사일원,충청남도 공주시 계룡면 보목고개로 393
충남_공주시,마곡사 신록축제,사곡면 운암리 마곡사일원,충청남도 공주시 사곡면 마곡사로 966 마곡사
충남_공주시,제63회 백제문화제,금강신관공원,충청남도 공주시 신관동 553
충남_공주시,2017 겨울공주군밤축제,금학생태공원,충청남도 공주시 금학동 111-1
충남_공주시,2018 백제어울마당,송산리고분군(무령왕릉) 일원,충청남도 공주시 왕릉로 37
충남_공주시,2018 웅진성수문병 근무교대식,공산성 금서루,충청남도 공주시 웅진로 280
충남_공주시,2018 공주 석장리 세계구석기축제,석장리박물관,충청남도 공주시 금벽로 990
충남_공주시,계룡산산신제,계룡면 양화리 신원사일원,충청남도 공주시 계룡면 보목고개로 393
충남_공주시,백제 어울마당,공산성,충청남도 공주시 웅진로 28
충남_공주시,웅진성수문병 근무교대식,공산성 금서루,충청남도 공주시 웅진로 280
충남_공주시,공주 석장리 구석기축제,석장리박물관,충청남도 공주시 금벽로 990
충남_계룡시,계룡군문화축제,계룡대 비상활주로 일원,충청남도 계룡시 장안로 46
충남_공주시,백제문화제(공주),금강신관공원 및 공산성 일원,충청남도 공주시 금벽로 368
충남_보령시,보령머드축제,대천해수욕장 일원,충청남도 보령시 머드로 123
충남_논산시,강경젓갈축제,강경둔치 일원,충청남도 논산시 강경읍 금백로 45
충남_부여군,백제문화제(보령),부여 구드래 일원,충청남도 부여군 부여읍 백강로 148
충남_홍성군,홍성남당항새조개축제,남당항 일원,충청남도 홍성군 서부면 남당항로213번길 25-62
충남_예산군,예산 장터삼국축제,예산전통시장 내,충청남도 예산군 예산읍 천변로 160
충남_태안군,태안 세계툴립축제,꽃지해수욕장 해안공원,충청남도 태안군 안면읍 꽃지해안로 400
충남_서천군,춘장대해수욕장 여름문화예술축제,춘장대해수욕장 중앙광장,충청남도 서천군 서면 춘장대길 20
충남_서천군,자연산 광어.도미 축제,서면 마량포구 일원,충청남도 서천군 서면 서인로 56
충남_서천군,마량포 해넘이.해돋이 축제,서면 마량포구 일원,충청남도 서천군 서면 서인로 56
충남_서천군,홍원항 자연산 전어.꽃게 축제,서면 홍원항 일원,충청남도 서천군 서면 홍원길 130-3
충남_서천군,한산모시문화제,한산모시관 일원,충청남도 서천군 한산면 충절로 1089
충남_서천군,서천철새여행,조류생태전시관 일원,충청남도 서천군 마서면 장산로 916
제주도_제주시,2020 제23회 제주들불축제새별오름 일대,새별오름,
제주도_제주시,알리사 리턴 투 원더랜드,SM디지털아트뮤지움,제주특별자치도 제주시 애월읍 애월해안로 516-7
제주도_서귀포시,제주유채꽃축제,서귀포시유튜브 온라인생중계,제주특별자치도 서귀포시 표선면 녹산로 381-15
제주도_서귀포시,한라산청정고사리축제,축제홈페이지,제주특별자치도 서귀포시 남원읍 태위로 695
제주도_서귀포시,서귀포유채꽃국제걷기대회,제주월드컵경기장일원,제주특별자치도 서귀포시 월드컵로 33
제주도_서귀포시,2021 제주카페스타,제주국제컨벤션센터,제주특별자치도 서귀포시 중문관광로 224
제주도_제주시,9.81파크; X리그 2021 정규시즌,9.81파크,제주특별자치도 제주시 애월읍 천덕로 880-24
제주도_서귀포시,휴애리 수국 축제,휴애리,제주특별자치도 서귀포시 남원읍 신례동로 256
제주도_서귀포시,마노르블랑 수국축제,마노르블랑,제주특별자치도 서귀포시 안덕면 일주서로2100번길 46
제주도_서귀포시,해녀마켓 - 해녀와 함께하는 온/오프라인 프리마켓,법환동 해녀물질체험장,제주특별자치도 서귀포시 법환동 169-5
전북_익산시,천만송이 국화축제,중앙체육공원,전라북도 익산시 하나로 322
전북_진안군,2020 진안홍삼축제,홈페이지,전라북도 진안군 진안읍 마이산로 160
전북_진안군,제16회 진안고원운장산 고로쇠축제,홈페이지,전라북도 진안군 주천면 대불리 75-1
전북_진안군,2020 진안 원연장 꽃잔디축제,꽃잔디동산 및 원영장마을,전라북도 진안군 진안읍 연장리 산 23-1
전북_진안군,제12회 진안고원 수박축제,홈페이지,전라북도 진안군 동향면 진성로 1687
전북_정읍시,제54회 황토현동학농민혁명기념제,구민사 및 갑오동학혁명기념탑,전라북도 정읍시 덕천면 동학로 742
전북_정읍시,제32회 정읍사문화제,정읍사문화공원 일원,전라북도 정읍시 정읍사로 541
전북_정읍시,제15회 정읍 구절초꽃축제,정읍 구절초 테마공원,전라북도 정읍시 산내면 청정로 926-65
전북_전주시,전주대사습놀이,국립무형유산원 및 전주한옥마을 일원,전라북도 전주시 덕진구 권삼득로 400
전북_전주시,제22회 전주국제영화제,고사동영화의거리 일대,전라북도 전주시 완산구 전주객사4길 74-12
전북_장수군,장수 한우랑 사과랑 축제,전라북도 장수군 의암공원 및 누리파크 일원,전라북도 장수군 장수읍 한누리로 393
전북_임실군,아쿠아페스티벌,임실치즈테마파크,전라북도 임실군 성수면 도인2길 50
전북_임실군,필봉마을굿축제,필봉문화촌,전라북도 임실군 강진면 강운로 272
전북_임실군,사선문화제,관촌사선대,전라북도 임실군 관촌면 사선2길 68-7
전북_임실군,임실N치즈축제,"임실치즈테마파크, 임실치즈마을",전라북도 임실군 성수면 도인2길 50
전북_임실군,산타축제,임실치즈테마파크,전라북도 임실군 성수면 도인2길 50
전북_임실군,의견문화제,오수의견공원,전라북도 임실군 오수면 충효로 2096-16
전북_완주군,완주와일드&로컬푸드축제,"고산자연휴양림, 완주군일원",전라북도 완주군 고산면 고산휴양림로 89
전북_완주군,완주 프러포즈축제,대한민국술테마박물관 및 구이면일원,전라북도 완주군 구이면 덕천전원길 232-58
전북_순창군,순창장류축제,순창전통고추장민속마을 일원,전라북도 순창군 순창읍 민속마을길 6-3
전북_부안군,부안마실축제,부안읍 일원(주행사장: 매창공원),전라북도 부안군 부안읍 매창로 89
전북_무주군,제24회무주반딧불축제,무주군 일원,전라북도 무주군 무주읍 최북로 15
전북_남원시,지리산 바래봉 눈꽃축제,지리산허브밸리 일원,전라북도 남원시 운봉읍 바래봉길 214
전북_남원시,제31회 지리산 뱀사골 고로쇠 약수제,지리산뱀사골 반선관광주차장,전라북도 남원시 산내면 지리산로 842-8
전북_남원시,제89회 춘향제,광한루원 일원,전라북도 남원시 요천로 1447
전북_남원시,제25회 지리산 바래봉 철쭉제,지리산허브밸리 일원,전라북도 남원시 운봉읍 바래봉길 214
전북_남원시,제24회 봉화산 철쭉제,남원시 아영면 봉화산 주차장,전라북도 남원시 아영면 성리 산56-6
전북_남원시,흥부제,사랑의광장 일원,전라북도 남원시 양림길 12
전북_남원시,지리산 뱀사골 단풍제,지리산 북부 사무소 앞,전라북도 남원시 산내면 와운길 10
전북_군산시,2021 군산시간여행축제,구시청광장 및 시간여행마을 일원,전라북도 군산시 중앙로 178
전북_고창군,고창모양성제,모양성 일원,전라북도 고창군 고창읍 중앙로 292
전북_고창군,고창청보리밭축제(취소),고창군 공음면 학원농장 일원,전라북도 고창군 공음면 학원농장길 158-6
전북_고창군,동학농민혁명 무장기포기념제,동학농민혁명 무장기포지,전라북도 고창군 공음면 선운대로 308
전북_고창군,고창복분자와수박축제(취소),선운산도립공원,전라북도 고창군 아산면 선운사로 250
전북_고창군,고창갯벌축제(취소),"만돌갯벌체험장, 하전갯벌체험장",전라북도 고창군 심원면 애향갯벌로 320
전북_고창군,무장읍성축제(취소),무장읍성 일원,전라북도 고창군 무장면 무장읍성길 45
전북_고창군,고창해풍고추축제(보류),해리복지회관일원,전라북도 고창군 해리면 청해1길 15
전남_화순군,화순고인돌문화축제,고인돌유적지 일원 (도곡면 효산리),전라남도 화순군 도곡면 효산리 64
전남_화순군,화순 국화향연,화순읍 남산공원,전라남도 화순군 화순읍 진각로 85
전남_화순군,화순적벽 문화축제,"이서 커뮤니티센터, 화순 적벽 망향정 일원",전라남도 화순군 이서면 백아로 3114
전남_해남군,북평용줄다리기 축제,북평힐링공원,전라남도 해남군 북평면 한밭등길 5-1
전남_해남군,땅끝 해넘이·해맞이 축제,땅끝마을일원,전라남도 해남군 송지면 땅끝마을길 70-14
전남_해남군,송호해변여름축제,송호해수욕장,전라남도 해남군 송지면 땅끝해안로 1813
전남_해남군,오시아노 樂 페스티벌,오시아노 관광단지,
전남_해남군,356일 달마고도 워킹데이,미황사일원,전라남도 해남군 송지면 미황사길 164
전남_해남군,흑석산 철쭉제,가학산자연휴양림,전라남도 해남군 계곡면 산골길 306
전남_해남군,연호보리축제,냔냔이농원,전라남도 해남군 황산면 원금길 162-51
전남_해남군,땅끝수국축제,포레스트수목원,전라남도 해남군 현산면 봉동길 232-118
전남_해남군,랜선 땅끝매화축제,보해매실농원,전라남도 해남군 산이면 예덕길 125-89
전남_함평군,대한민국 국향대전,함평엑스포공원,전라남도 함평군 함평읍 곤재로 27
전남_진도군,제42회 진도신비의 바닷길축제,고군면 회동리 일원,
전남_진도군,제9회 대한민국 진돗개 페스티벌,진돗개 테마파크,전라남도 진도군 진도읍 성죽골길 30
전남_진도군,2021 진도문화예술제,향토문화회관 및 철마공원 중심,전라남도 진도군 진도읍 진도대로 7197
전남_진도군,명량대첩축제,녹진광관지 일원,전라남도 진도군 군내면 진도대로 8439-19
전남_장성군,빈센트의 봄,"장성역 광장, 장성공원 일원",
전남_장성군,황룡강 (洪)길동무 꽃길 축제,"황룡강변 일원, 홍길동테마파크",
전남_장성군,백양단풍축제,"국립공원 백암산, 백양사 일원",전라남도 장성군 북하면 백양로 1239
전남_장성군,축령산 편백산소축제,축령산 조림성공지,
전남_완도군,장보고수산물축제,"해변공원, 장보고기념관 일원",전라남도 완도군 완도읍 해변공원로 24
전남_완도군,청산도슬로우걷기축제,청산도일원,전라남도 완도군 청산면 청산로 46
전남_완도군,청정완도 가을빛 여행,완도해변 공원 일원,전라남도 완도군 완도읍 해변공원로 24
전남_영암군,영암왕인문화축제,왕인박사유적지 일원,전라남도 영암군 군서면 왕인로 440
전남_영암군,월출산국화축제,기찬랜드 일원,전라남도 영암군 영암읍 기찬랜드로 19-10
전남_영암군,마한축제,마한문화공원 일원,전라남도 영암군 남해당로 65
전남_영암군,영암호해맞이축제,삼호읍 호텔현대,전라남도 영암군 삼호읍 대불로 91
전남_영광군,불갑산상사화축제,불갑면,전라남도 영광군 불갑면 불갑사로 450
전남_여수시,여수영취산진달래체험행사,영취산일원 돌고개,전라남도 여수시 흥국사길 160
전남_여수시,여수거북선축제,이순신광장 및 선소일원,전라남도 여수시 이순신광장로 95
전남_여수시,여수여자만갯벌노을체험행사,소라면 해넘이길 일원(사곡),전라남도 여수시 소라면 서부로 785-24
전남_여수시,거문도백도은빛바다체험행사,삼산면 거문도 일원,전라남도 여수시 삼산면 거문길 28-10
전남_여수시,여수밤바다 불꽃축제,이순신 광장 및 장군도 앞 해상,전라남도 여수시 중앙동 385-6번지
전남_여수시,여수향일암일출기원한마당,돌산읍 임포마을 일원,전라남도 여수시 향일암로 60
전남_여수시,여수동동북축제,용기공원 및 선소일원,전라남도 여수시 시청서 6길
전남_여수시,청년거리문화축제,여수시 일원,전라남도 여수시 시청동1길 23
전남_여수시,여수마칭페스티벌,이순신광장,전라남도 여수시 이순신광장로 95
전남_신안군,증도 송어 축제,증도,전라남도 신안군 증도
전남_신안군,임자도 민어 축제,임자도,전라남도 신안군 임자도
전남_신안군,불볼락 축제,홍도,전라남도 신안군 홍도
전남_신안군,왕새우 축제,안좌도,전라남도 신안군 안좌도
전남_신안군,신안튤립축제,신안튤립공원(임자도대광해변일원),전라남도 신안군 임자면 대광해수욕장길 179
전남_신안군,2019 신안 섬 갯벌 축제,증도면 일원,전라남도 신안군증도면 짱뚱어해변길
전남_신안군,수선화축제,지도읍 선도,전라남도 신안군 지도읍 선도
전남_신안군,간재미 축제,비금/도초,전라남도 신안군 도초면
전남_신안군,흑산도홍어축제,흑산도,전라남도 신안군 흑산도
전남_신안군,섬 깡다리 축제,임자도,전라남도 신안군 임자도
전남_신안군,섬 병어 축제,지도,전라남도 신안군 지도
전남_신안군,섬 수국 축제,도초도,전라남도 신안군 도초도
전남_순천시,2021푸드앤아트페스티벌,시내거리(중앙로 일원),전라남도 순천시 중앙로 90-1(남내동)
전남_순천시,별빛산책,순천만국가정원,전라남도 순천시 국가정원1호길 47(오천동)
전남_순천시,제27회 낙안읍성 민속문화축제,사적지,전라남도 순천시 낙안면 쌍청루길 157-3
전남_순천시,제18회 순천명품 월등복숭아 체험행사,월등면,전라남도 순천시 월등면 월등로 571
전남_순천시,2021 동아시아문화도시 개막행사,국가정원 잔디마당,전라남도 순천시 국가정원1호길 47(오천동)
전남_순천시,2021 동아시아문화도시그림책 및 웹툰 페스티벌,시민로~그림책도서관,전라남도 순천시 중앙로 90-1(남내동)
전남_순천시,한중일 미래문화컨텐츠 페스티벌,생태문화교육원,전라남도 순천시 생태배움길 22
전남_순천시,2021 동아시아문화도시동아시아 청소년 예술제,문화건강센터 일원,전라남도 순천시 중앙로 232
전남_순천시,2021 가든 뮤직페스티벌,순천만 국가정원 일원,전라남도 순천시 국가정원1호길 47(오천동)
전남_순천시,한중일 평화포럼,순천만국제습지센터,전라남도 순천시 국가정원1호길 47(오천동)
전남_순천시,2021 동아시아문화도시 폐막행사,순천 문화예술회관,전라남도 순천시 삼산로 16
전남_순천시,2021 제22회 순천만갈대제,순천만습지일원,전라남도 순천시 순천만길 513-25
전남_순천시,주암호 다슬기 축제,보성강 옆 공원,전라남도 순천시 주암면 동주로 2047
전남_보성군,보성전어축제,율포솔밭해수풀장,전라남도 보성군 회천면 우암길 24
전남_보성군,보성차밭 빛축제,봇재 차밭 일원,전라남도 보성군 보성읍 녹차로 775
전남_보성군,벌교꼬막축제,벌교읍천변,전라남도 보성군 벌교읍 벌교천1길 19
전남_보성군,보성차밭 빛축제,봇재 차밭 일원,전라남도 보성군 보성읍 녹차로 775
전남_보성군,벌교꼬막축제,벌교읍천변,전라남도 보성군 벌교읍 벌교천1길 19
전남_보성군,보성전어축제,율포솔밭해수풀장,전라남도 보성군 회천면 우암길 24
전남_무안군,제24회 무안연꽃추제,회산백련지 일원,전라남도 무안군 일로읍 백련로 333
전남_무안군,제8회 무안황토갯벌축제,무안황토갯벌랜드 일원,전라남도 무안군 해제면 용산길 140
전남_목포시,목포 유달산 봄 축제,유달산 및 근대역사거리일원,
전남_담양군,담양대나무축제,죽녹원 및 관방제림 일원,전라남도 담양군 담양읍 추성로 1371
전남_담양군,담양산타축제,담양 원도심 및 메타프로방스 일원,전라남도 담양군 담양읍 추성로 1371
전남_담양군,추월산벚꽃축제,용면 추월산광장 일원,전라남도 담양군 용면 추월산로 369
전남_담양군,창평전통음식문화축제,창평슬로시티 일원,전라남도 담양군 창평면 돌담길 56-24
전남_담양군,가로수사랑음악회,가로수사랑군민연대,전라남도 담양군 담양읍 지침3길 7-5
전남_담양군,고서포도축제,고서면 증암천변 일원,전라남도 담양군 고서면 가사문학로 325
전남_나주시,제5회 나주마한문화축제,국립나주박물관 일원,전라남도 나주시 반남면 고분로 747
전남_나주시,제15회 영산포 홍어축제,영산강 둔치 체육공원,전라남도 나주시 예향로 3872
전남_나주시,제1회 천년나주목읍성문화축제,금성관 및 나주향교 일원,전라남도 나주시 금성관길 8
전남_구례군,제21회 구례산수유꽃축제,산동면 지리산온천관광지 일원,전라남도 구례군 산동면 상관1길 45
전남_구례군,제16회 구례섬진강벚꽃축제,문척면 죽마리 섬진강변 일원,전라남도 구례군 문척면 죽연1길 67
전남_구례군,지리산남악제 및 군민의 날 행사,화엄사시설지구 및 구례공설운동장,전라남도 구례군 구례읍 서시천로 106
전남_구례군,구례썸머뮤직페스티벌,구례공설운동장,전라남도 구례군 구례읍 서시천로 106
전남_구례군,2020 화엄음악제,화엄사 경내 일원,전라남도 구례군 마산면 화엄사로 539
전남_구례군,구례동편소리축제,서시천체육공원 일원,전라남도 구례군 구례읍 서시천로 76-11
전남_구례군,제44회 지리산피아골단풍축제,토지면 피아골 일원,전라남도 구례군 토지면 직전길 35
전남_구례군,산수유오감만족페스티벌,산동면 지리산온천관광지 일원,전라남도 구례군 산동면 상관1길 45
전남_광양시,광양매화축제,다압면 섬진마을 일원,전라남도 광양시 시청로 33
전남_광양시,백운산국사봉철쭉축제,옥곡면 국사봉랜드,전라남도 광양시 옥곡면 옥진로 665-1
전남_광양시,광양전어축제,진월면 망덕포구 일원,전라남도 광양시 진월면 망덕길 265
전남_광양시,광양숯불구이축제,광양읍 서천변 일원,전라남도 광양시 광양읍 남등길 6
전남_곡성군,곡성세계장미축제,곡성섬진강기차마을,전라남도 곡성군 오곡면 기차마을로 232
전남_곡성군,곡성심청축제,곡성섬진강기차마을,전라남도 곡성군 오곡면 기차마을로 233
전남_고흥군,고흥 우주항공 축제,"나로우주센터, 국립청소년우주센터 일원(2020년 코로나19로 미실시)",전라남도 고흥군 봉래면 하반로 490
전남_진도군,2020 명량대첩축제,해남·진도울돌목 일원,전라남도 진도군 군내면 진도대로 8459-13 (녹진리 1)+전라남도 해남군 문내면 관광레저로 12 (학동리 산 36)
전남_무안군,제26회 남도음식문화큰잔치,강진만 생태공원,전라남도 무안군 삼향읍 오룡길 1
전남_장성군,황룡강 노란꽃잔치,황룡강변 일원,
전남_강진군,전라병영성 축제,전라병영성 일원,전라남도 강진군 병영면 병영성로 175
전남_강진군,강진청자축제,청자촌 일원,전라남도 강진군 대구면 청자촌길 33
전남_강진군,강진만 춤추는 갈대축제,강진만 생태공원 일원,전라남도 강진군 강진읍 남당로 97-23
인천_중구,어린이 축제,인천아트플랫폼,인천광역시 중구 제물량로218번길 3
인천_중구,무의도 춤축제,무의도하나개해수욕장,인천광역시 중구 하나개로 151-8
인천_중구,인천상륙작전 문화공연,월미도 문화의 거리,인천광역시 중구 월미로233번길 7
인천_중구,연안부두 축제,인천종합어시장 일원,인천광역시 중구 연안부두로33번길 37
인천_중구,개항장뮤직페스티벌,개항장일원,인천광역시 중구 신포로27번길80
인천_중구,자유공원 벚꽃축제,자유공원 일원,인천광역시 중구 자유공원남로 25
인천_중구,신포크리스마스트리 축제,신포동 일원,인천광역시 중구 신포로35
인천_중구,영종크리스마스트리 축제,별빛광장 일원,
인천_중구,불꽃축제,씨사이드파크,인천광역시 중구 하늘달빛로2번길 6
인천_중구,인천개항장 문화재야행,인천광역시 중구 중구청 일원,인천광역시 중구 신포로27번길 80
인천_중구,인천개항장 문화재야행,인천광역시 중구 중구청 일원,인천광역시 중구 신포로27번길 80
인천_옹진군,대이작 섬마을 밴드 음악축제,대이작도 일원,
인천_연수구,제2회 인천 송도크루즈 불꽃축제,골든하버 인천항크루즈터미널,인천광역시 연수구 국제항만대로 438
인천_연수구,(가칭)문화로 동행축제,연구수 전역,인천광역시 연수구 새말로 120
인천_서구,정서진 해넘이 축제,인천 서구 정서진,인천광역시 서구 정서진1로 41
인천_부평구,2020 부평풍물대축제,신트리공원 등,인천광역시 부평구 신트리로 21
인천_미추홀구,주안미디어문화축제,옛시민회관 쉼터 등 미추홀구 전역,
인천_미추홀구,인천 원도사제,용정근린공원 등,
인천_동구,제27회 화도진축제,"동인천역북광장, 화도진공원 일원",인천광역시 동구 참외전로 125 (동인천역 광장)
인천_동구,제28회 화도진축제,"동인천역북광장, 화도진공원 일원",인천광역시 동구 참외전로 125 (동인천역 광장)
인천_동구,제29회 화도진축제,"동인천역북광장, 화도진공원 일원",인천광역시 동구 참외전로 125 (동인천역 광장)
인천_동구,제30회 화도진축제,"동인천역북광장, 화도진공원 일원",인천광역시 동구 참외전로 125 (동인천역 광장)
인천_동구,동구문화예술한마당&막걸리페스티벌,"동인천역북광장, 송림아뜨렛길",인천광역시 동구 참외전로 125 (동인천역 광장)
인천_남동구,소래포구축제,인천 남동구 논현동,인천광역시 남동구 아암대로 1454
인천_계양구,계양산국악제,계양문화회관,인천광역시 계양구 계양산로35번길 11
인천_강화군,고려산진달래축제,고인돌 광장 등,인천광역시 강화군 하점면 강화대로 994-19
울산_중구,2021 문화의거리 현대미술제,울산 중구 문화의거리,울산광역시 중구 옥교동 277-1
울산_중구,2021년 울산병영3.1만세운동 제22회 재현행사,울산 중구 병영 일원,울산광역시 중구 남외동 488-5
울산_중구,2021 태화강 국제 재즈페스티벌,태화강국가정원 야외공연장,울산광역시 중구 태화동 107
울산_중구,2021 울산 마두희 축제,울산 중구 성남동 일원,울산광역시 중구 학성로
울산_중구,2021년 외솔한글한마당,외솔기념관 및 중구 원도심 일원,울산광역시 중구 병영12길 15
울산_울주군,울산옹기축제,울주군 외고산 옹기마을 일원,울산광역시 울주군 온양읍 외고산 3길 36
울산_울주군,울주세계산악영화제,영남알프스 복합웰컴센터 일원,울산광역시 울주군 상북면 알프스온천5길 103-8
울산_울주군,간절곶해맞이,간절곶공원,울산광역시 울주군 서생면 간절곶1길 39-2
울산_북구,울산쇠부리축제,달천철장,울산광역시 북구 달천철장길 58
울산_동구,국악의 향연,꽃바위문화관 3층 다목적공연장,울산광역시 동구 문현3길 6
울산_동구,리차드 로의 재즈톡,꽃바위문화관 3층 다목적공연장,울산광역시 동구 문현3길 6
울산_동구,나 때는 말이야,꽃바위문화관 3층 다목적공연장,울산광역시 동구 문현3길 6
울산_동구,힐링 개그 콘서트,꽃바위문화관 3층 다목적공연장,울산광역시 동구 문현3길 6
울산_동구,오페라 팝페라 뽕페라,꽃바위문화관 3층 다목적공연장,울산광역시 동구 문현3길 6
울산_동구,박강수콘서트,꽃바위문화관 3층 다목적공연장,울산광역시 동구 문현3길 6
울산_남구,2020 선암호수가요제,울산mbc 공개홀,울산광역시 중구 서원3길 65
울산_남구,2020 태화강 빛 축제,태화강 체육공원,울산광역시 남구 돋질로 233
울산_남구,2020 문화예술제,남구 문화원외,울산광역시 남구 번영로 224
울산_남구,2021 단오절맞이 전통민속놀이 한마당,남구 문화원,울산광역시 남구 번영로 224
울산_동구,모두 다 함께 신명나게 놀자,꽃바위문화관 3층 다목적공연장,울산광역시 동구 문현3길 6
울산_동구,건반위 포핸즈의 아름다운 선율,꽃바위문화관 3층 다목적공연장,울산광역시 동구 문현3길 6
울산_동구,감동과 즐거움을 선사하는 성악 앙상블,꽃바위문화관 3층 다목적공연장,울산광역시 동구 문현3길 6
울산_동구,청소년 힐링 페스티벌,꽃바위문화관 3층 다목적공연장,울산광역시 동구 문현3길 6
울산_동구,매직스크린아트 가족극〈오버코트〉,꽃바위문화관 3층 다목적공연장,울산광역시 동구 문현3길 6
울산_울주군,울산옹기축제,울주군 외고산 옹기마을 일원,울산광역시 울주군 온양읍 외고산 3길 36
울산_울주군,우시산국축제,회야강 아리소 일원,
울산_울주군,울주세계산악영화제,영남알프스 복합웰컴센터 일원,울산광역시 울주군 상북면 알프스온천5길 103-8
울산_울주군,간절곶해맞이,간절곶공원,울산광역시 울주군 서생면 간절곶1길 39-2
대전_유성구,2021 청소년미디어페스티벌,대전시청자미디어센터(온라인),대전광역시 유성구 대덕대로 512번길 20
경기_남양주시,[경기미담]경기미디어축제,경기시청자미디어센터,경기도 남양주시 다산중앙로 82번안길 146
부산_해운대구,온라인시민미디어축제,부산시청자미디어센터,부산광역시 해운대구 센텀중앙로42
강원_춘천시,2021 강원ON마을축제,강원시청자미디어센터,강원도 춘천시 서면 박사로 882
부산_해운대구,2021 장애인미디어축제,부산시청자미디어센터,부산광역시 해운대구 센텀중앙로42
대전_유성구,2021 강원 시민공동체미디어 포럼,강원시청자미디어센터,강원도 춘천시 서면 박사로 882
대전_유성구,2021 시청자미디어주간,대전시청자미디어센터,대전광역시 유성구 대덕대로 512번길 20
인천_연수구,미디어위(we)크,인천시청자미디어센터,인천광역시 연수구 인천타워대로 54번길 19
세종_세종시,세종 조치원 복숭아  축제,세종문화예술회관,세종특별자치시 조치원읍 문예회관길 22
세종_세종시,나라꽃 무궁화 세종축제,정부세종컨벤션센터,세종특별자치시 다솜3로 66
세종_세종시,세종축제,세종호수공원,세종특별자치시 연기면 다솜로 216
서울_중랑구,서울장미축제,서울장미공원,서울특별시 중랑구 중랑천로 332
서울_중랑구,용마폭포 문화예술축제,용마폭포공원,서울특별시 중랑구 용마산로 250-12
서울_종로구,세종탄신 제623돌 축하잔치 및 어가행렬(미정),세종마을 세종마루정자일원,서울특별시 종로구 옥인3길 14
서울_종로구,단기4353년 개천절 대제전,사직동 단군성전,서울특별시 종로구 인왕산로 22
서울_종로구,단기4353년 어천절 대제전,사직동 단군성전,서울특별시 종로구 인왕산로 22
서울_종로구,D.FESTA 대학로 거리공연축제,대학로 마로니에공원,"서울특별시 종로구 동숭4길14, 2층"
서울_종로구,2021 종로한복축제,종묘광장 등 종로구 일대,"서울특별시 종로구 새문안로3길 3, 6층"
서울_종로구,세종마을 세종주간 축제,"세종마을 일대, 수성동계곡",서울특별시 종로구 옥인3길 14
서울_은평구,인디스트리트 생활음악페스티벌'뮤직스트릿 파티',"연신내 물빛공원, 차없는 거리",서울특별시 은평구 증산로 476
서울_은평구,은평누리축제,"역촌역 평화공원, 불광천수변무대, 은평문화예술회관 등",서울특별시 은평구 증산로 476
서울_용산구,이태원지구촌축제,이태원 관광특구 일원,이태원로
서울_영등포구,영등포구와 함께하는 제12회 서울국제초단편영화제,영등포구 일대(영등포아트홀 등),서울특별시 영등포구 당산로 123
서울_영등포구,제16회 영등포 여의도 봄꽃축제,여의서로 일대(국회의사당 뒤편),서울특별시 영등포구 의사당대로 1
서울_양천구,정월대보름 행사,안양천변 축구장(신정교아래),
서울_양천구,방아다리벚꽃축제,신월5동,
서울_양천구,2019해우리문화축제,양천공원,
서울_성동구,응봉산 개나리축제,서울특별시 성동구 응봉동 응봉산,서울특별시 성동구 응봉동 응봉산
서울_서초구,서리풀페스티벌,서초구 전역,서울특별시 서초구 남부순환로 2584
서울_서대문구,서대문독립민주축제,서대문형무소역사관,서울특별시 서대문구 통일로 251
서울_서대문구,크리스마스거리축제,연세로,서울특별시 서대문구 연세로
서울_마포구,제13회 마포나루 새우젓축제,서울월드컵공원 평화의 광장 일원,서울특별시 마포구 월드컵로 243-60(성산동)
서울_동작구,동작구 도서관 축제,보라매공원,서울특별시 동작구 노량진로 74
서울_동작구,동작가족한마음축제,보라매공원,서울특별시 동작구 여의대방로20길 33
서울_동작구,제7회 도심 속 바다축제,노량진수산시장 일대,서울특별시 동작구 노들로 674
서울_동작구,2020 동작복지나눔축제,관내 대학교 등(미정),서울특별시 동작구 상도로 369
서울_동대문구,세계거리춤축제,장한로,서울특별시 동대문구 천호대로405
서울_동대문구,청룡문화제,용두근린공원,서울특별시 동대문구 청계천로 563
서울_도봉구,도봉구민 건강축제,"도봉구청, 중랑천변",서울특별시 도봉구 마들로 656
서울_도봉구,도봉 과학축전,"도봉구청 로비, 아뜨리움, 대강당, 광장 등",서울특별시 도봉구 마들로 656
서울_도봉구,도봉구 등축제,우이천,서울특별시 도봉구
서울_도봉구,정의공주와 함께 하는 도봉 한글잔치,방학동 원당샘공원,서울특별시 도봉구 원당샘공원
서울_도봉구,정월대보름 큰잔치,"도봉구청 광장, 중랑천변",서울특별시 도봉구 마들로 656
서울_도봉구,도봉서원 춘·추향제,도봉서원,서울특별시 도봉구 도봉산길 90
서울_도봉구,도봉산 산사축제,도봉산 일대,서울특별시 도봉구
서울_도봉구,도봉구민 건강축제,"도봉구청, 중랑천변",서울특별시 도봉구 마들로 656
서울_도봉구,도봉 과학축전,"도봉구청 로비, 아뜨리움, 대강당, 광장 등",서울특별시 도봉구 마들로 656
서울_도봉구,도봉구 등축제,우이천,서울특별시 도봉구
서울_도봉구,정의공주와 함께 하는 도봉 한글잔치,방학동 원당샘공원,서울특별시 도봉구 원당샘공원
서울_도봉구,정월대보름 큰잔치,"도봉구청 광장, 중랑천변",서울특별시 도봉구 마들로 656
서울_도봉구,도봉서원 춘·추향제,도봉서원,서울특별시 도봉구 도봉산길 90
서울_도봉구,도봉산 산사축제,도봉산 일대,서울특별시 도봉구
서울_노원구,2020. 노원달빛산책,당현3교~ 수학문화관,서울특별시 노원구 상계동 683-1
서울_금천구,금천하모니벚꽃축제 2019,금천구청 광장 및 안양천변,서울특별시 금천구 시흥대로73길 70
서울_금천구,정조대왕 능행차 공동재현,"시흥IC~시흥행궁, 마을공동체지원센터 앞",서울특별시 금천구 은행나무로 45
서울_구로구,구로G페스티벌,"서울특별시 구로구 안양천 둔치, 오류아트홀, 공식 유튜브채널",서울특별시 구로구 가마산로 245
서울_광진구,2021 제22회 아차산 해맞이 축제,아차산 해맞이광장,
서울_강서구,허준축제,허준근린공원,서울특별시 강서구 허준로5길 42
서울_강북구,봉황각 3.1독립운동 재현행사,서울특별시 강북구 우이동 봉황각 일원,서울특별시 강북구 삼양로173길 107-12
서울_강북구,4.19혁명 국민문화제 2020,서울특별시 강북구 국립4.19 민주묘지 및 강북구 일원,서울특별시 강북구 도봉로89길 13
서울_강북구,종교연합바자회,서울특별시 강북구 한신대신학대학원,서울특별시 강북구 인수봉로 159
서울_강동구,강동선사문화축제,서울 암사동 유적,서울특별시 강동구 올림픽로 875 (암사동)
서울_강남구,2020 강남페스티벌,코엑스일대,서울특별시 강남구 영동대로 513(삼성동)
서울_강남구,내 집 앞 세계영화제,강남구 전역,서울특별시 강남구 전역
서울_송파구,석촌호수벚꽃축제,석촌호수 일대,서울특별시 송파구 석촌호수로 197
서울_송파구,한성백제문화제,올림픽공원 일대,서울특별시 송파구 올림픽로 424
서울_관악구,강감찬축제,온라인 개최,"서울특별시 관악구 관악로 145, 교육사업과(관악구청)"
부산_해운대구,제38회 해운대달맞이온천축제,해운대 해수욕장,부산광역시 해운대구 해운대해변로 264
부산_해운대구,2021년 제16회 해운대모래축제,해운대 해수욕장,부산광역시 해운대구 해운대해변로 264
부산_해운대구,제8회 해운대 빛축제,"해운대 해수욕장, 해운대광장",부산광역시 해운대구 해운대해변로 264
부산_해운대구,2022 해운대 카운트다운&해맞이축제,해운대 해수욕장,부산광역시 해운대구 해운대해변로 264
부산_중구,조선통신사 축제,용두산공원 및 광복로 일원,부산광역시 중구 광복중앙로 3
부산_중구,광복로연등문화제,광복로 및 광복중앙로 일원,부산광역시 중구 광복로77번길 5
부산_중구,보수동책방골목문화축제,보수동책방골목 및 문화관,부산광역시 중구 흑교로46번길 11
부산_중구,부산국제영화제 전야제,BIFF광장 및 광복로 등,부산광역시 중구 비프광장로 36
부산_중구,부산자갈치축제,자갈치시장 및 유라리광장 일원,부산광역시 중구 자갈치해안로 52
부산_중구,부산크리스마스트리문화축제,광복로 및 중구 관내 일원,부산광역시 중구 광복중앙로 2
부산_영도구,영도다리축제,"영도대교 일원, 아미르공원",부산광역시 영도구 해양로301번길 55
부산_영도구,발복기원제,봉래산 헬기장,부산광역시 영도구 벚꽃길
부산_연제구,2020년 연제 가을 온라인 축제,연제구청 유튜브,"부산광역시 연제구 연제로 2(연산동, 연제구청)"
부산_서구,부산고등어축제(취소),송도해수욕장 및 부산공동어시장 일원,부산광역시 서구 송도해변로 100
부산_서구,현인가요제,부산 KBS홀,부산광역시 서구 송도해변로 100
부산_사하구,감천문화마을 골목축제,감천문화마을 일원,부산광역시 사하구 감내2로 203
부산_사하구,하단포구웅어축제,하단동일원,부산광역시 사하구 하신번영로 253-1
부산_사하구,다대포어항문화축제,다대포 일원,부산광역시 사하구 다대동로8번길 40
부산_북구,"제9회 낙동강 구포나루 축제(잠정연기, 2021년 예정)",화명생태공원 선착장 일원,부산광역시 북구 낙동대로1570번길 33(구포동)
부산_부산진구,제11회서면우리문화축제,부산시민공원,부산광역시 부산진구 시민공원로 73 (범전동)
부산_부산진구,제10회 부산진구 북페스티벌,부산진구청,부산광역시 부산진구 시민공원로30 (범전동)
부산_부산진구,전포카페거리축제,전포카페거리 일원,부산광역시 부산진구 동천로 92(전포동)
부산_부산진구,서면 희망 빛드림,서면 젊음의 거리 일원,부산광역시 부산진구 중앙대로 692번길 일원(부전동)
부산_동래구,동래읍성역사축제,"동래문화회관,읍성광장,온천장 일원",부산광역시 동래구 문화로 80(명륜동)
부산_동구,부산 차이나타운특구 문화축제,"부산역 광장, 차이나타운특구 일원",부산광역시 동구 초량중로 36 (초량동)
부산_남구,2019 오륙도 평화축제,평화공원(대연동),부산광역시 남구 대연동 707번지
부산_금정구,제5회 라라라 페스티벌,부산대 지하철역 아래 문화행사장 일원 (온천천 어울마당),
부산_강서구,제19회 명지시장 전어축제,명지시장,부산광역시 강서구 신포길 13-2
부산_중구,부산크리스마스트리축제,광복로일원,부산광역시 중구 광복로6번길 3(부평동2가)
부산_중구,부산시민의종 타종식,용두산공원,부산광역시 중구 용두산길 37-55(광복동2가)
부산_중구,조선통신사 축제,"시민공원,항만공사",부산광역시 중구 용두산길 37-55(광복동2가)
부산_수영구,제20회광안리어방축제,광안리해변 일원,부산광역시 수영구 광안해변로 219
부산_사하구,사하예술제,을숙도문화회관 일원,부산광역시 사하구 낙동남로1233번길 25
부산_사상구,제20회 사상전통달집놀이,삼락생태공원,부산광역시 사상구 낙동대로 1310번길 19(삼락동)
부산_사상구,제12회 삼락벚꽃축제,삼락생태공원,부산광역시 사상구 낙동대로 1310번길 19(삼락동)
부산_사상구,제19회 사상강변축제,삼락생태공원,부산광역시 사상구 낙동대로 1310번길 19(삼락동)
부산_기장군,제15회 차성문화제,기장중학교 일원,부산광역시 기장군 기장읍 읍내로 120
대전_중구,대전효문화뿌리축제,뿌리공원 및 원도심 일원,대전광역시 중구 뿌리공원로 47
대전_유성구,제13회 신성한마음축제,사이언스 대덕종합운동장,대전광역시 유성구 가정로 120(신성동)
대전_유성구,제17회 한여름밤의 축제,엑스포근린공원,대전광역시 유성구 엑스포로 476(전민동)
대전_유성구,제3회 노은3동한마음축제,해랑숲근린공원,
대전_유성구,2019 노은한마음축제,송림근린공원,
대전_유성구,제6회 스마일원신흥축제,작은내수변공원,
대전_유성구,제4회 온천1·2동한마당축제,유성온천공원,
대전_유성구,제9회 관평골축제,동화울 수변공원,대전광역시 유성구 테크노중앙로 88(관평동)
대전_유성구,제14회 구즉한마당축제,송강근린공원,대전광역시 유성구 송강로42번길 34(송강동)
대전_유성구,제21회 진잠주민화합한마당,진잠초등학교,대전광역시 유성구 진잠로59번길 53(원내동)
대전_서구,2021 대전 서구힐링 아트페스티벌,보라매공원(서구청앞) 일원,대전광역시 서구 둔산서로 100
대전_동구,제1회 대청호 벚꽃축제,대전광역시 동구 신상동 282번지 일원,
대전_대덕구,동춘당문화제,동춘당역사공원 일원(개최일 미정),대전광역시 대덕구 동춘당로 80 (동춘당)
대전_대덕구,대청호대덕뮤직패스티벌,대청공원 일원,대전광역시 대덕구 대청로 607
대구_중구,봉산도예전,봉산문화거리,
대구_중구,향촌동수제화골목 2016년「빨간구두 이야기」,향촌동수제화골목 일원,-
대구_중구,「제37회 대구약령시 한방문화축제」,약령시(약전골목) 일원,대구광역시 중구 남성로 61 (동성로3가)
대구_중구,향촌동수제화골목 2014년「빨간구두 이야기」,향촌동수제화골목 일원,-
대구_중구,약령개장 357주년 2015「대구약령시 한방문화축제」,약령시(약전골목) 일원,대구광역시 중구 남성로 61 (동성로3가)
대구_중구,향촌동수제화골목 2015년「빨간구두 이야기」,향촌동수제화골목 일원,
대구_중구,2016 대구약령시한방문화축제,약령시(약전골목) 일원,대구광역시 중구 남성로 61 (동성로3가)
대구_중구,정월대보름달맞이축제,신천변 생활체육광장,
대구_중구,정월대보름달맞이축제,신천변 생활체육광장,
대구_중구,정월대보름달맞이축제,신천변 생활체육광장,
대구_중구,봉산도예전,봉산문화거리,
대구_중구,봉산도예전,봉산문화거리,
대구_중구,봉산도예전,봉산문화거리,
대구_중구,봉산도예전,봉산문화거리,
대구_중구,정월대보름달맞이축제,신천변 생활체육광장,
대구_중구,2019 대구약령시한방문화축제,약령시(약전골목) 일원,대구광역시 중구 남성로 61 (동성로3가)
대구_중구,대구 문화제 야행,"약령시, 청라언덕",
대구_중구,향촌동수제화골목 2019년「빨간구두 이야기」,향촌동수제화골목 일원,
대구_중구,봉산미술제,봉산문화거리,
대구_중구,봉산미술제,봉산문화거리,
대구_중구,봉산미술제,봉산문화거리,
대구_중구,봉산미술제,봉산문화거리,
대구_중구,봉산미술제,봉산문화거리,
대구_중구,봉산미술제,봉산문화거리,
대구_중구,봉산미술제,봉산문화거리,
대구_중구,봉산미술제,봉산문화거리,
대구_중구,「제35회 대구약령시 한방문화축제」,약령시(약전골목) 일원,대구광역시 중구 남성로 61 (동성로3가)
대구_중구,「제36회 대구약령시 한방문화축제」,약령시(약전골목) 일원,대구광역시 중구 남성로 61 (동성로3가)
대구_중구,대구워터페스티벌,북성로 공구골목 일원,-
대구_중구,봉산조형페스티벌 도예조각전,봉산문화거리,-
대구_중구,2017 대구약령시한방문화축제,약령시(약전골목) 일원,-
대구_중구,대구 근대路야행,근대골목 일원(청라언덕~계산성당~약령시한의약박물관),-
대구_중구,대구스트리트 모터 페스티벌,남산동 자동차골목,대구광역시 중구 명덕로35길 14
대구_중구,대구스트리트 모터 페스티벌,남산동 자동차골목,대구광역시 중구 명덕로35길 14
대구_중구,대구스트리트 모터 페스티벌,남산동 자동차골목,대구광역시 중구 명덕로35길 14
대구_중구,향촌동수제화골목 2017년「빨간구두 이야기」,향촌동수제화골목 일원,-
대구_중구,제1회 북성로 축제,북성로 공구골목 일원,대구광역시 중구 태평로2가 태평로28길 20
대구_중구,봉산도자기축제,봉산문화거리,
대구_중구,봉산도자기축제,봉산문화거리,
대구_중구,2018 대구약령시한방문화축제,약령시(약전골목) 일원,-
대구_중구,방천골목오페라축제,방천골목,대구광역시 중구 동덕로8길 26-11 (대봉동)
대구_중구,대구 근대路야행(1회),약령시일원,
대구_중구,대구 근대路야행(2회),청라언덕,"대구광역시 중구 달구벌대로 2035 (동산동, 동산아파트)"
대구_중구,김광석노래부르기,신천둔치(대봉교아래),대구광역시 수성구 수성로72길 43 (수성동2가)
대구_중구,김광석노래부르기,신천둔치(대봉교아래),대구광역시 수성구 수성로72길 43 (수성동2가)
대구_중구,제2회 북성로 축제,북성로 공구골목 일원,-
대구_중구,향촌동수제화골목 2018년「빨간구두 이야기」,향촌동수제화골목 일원,-
대구_중구,김광석추모콘서트,김광석길야외콘서트홀,-
대구_중구,정월대보름달맞이축제,신천변 생활체육광장,
대구_중구,정월대보름달맞이축제,신천변 생활체육광장,
대구_중구,중구미술협회전,봉산문화회관 전시실,
대구_중구,중구미술협회전,봉산문화회관 전시실,
대구_중구,봉산미술제,봉산문화거리,
대구_중구,대구화교중화문화축제,종로 화교소학교 및 화교거리,대구광역시 중구 중앙대로79길 31 (종로2가)
대구_중구,대구화교중화문화축제,종로 화교소학교 및 화교거리,대구광역시 중구 중앙대로79길 31 (종로2가)
대구_중구,대구화교중화문화축제,종로 화교소학교 및 화교거리,대구광역시 중구 중앙대로79길 31 (종로2가)
대구_중구,대구화교중화문화축제,종로 화교소학교 및 화교거리,대구광역시 중구 중앙대로79길 31 (종로2가)
대구_중구,대구화교중화문화축제,종로 화교소학교 및 화교거리,대구광역시 중구 중앙대로79길 31 (종로2가)
대구_중구,대구화교중화문화축제,종로 화교소학교 및 화교거리,대구광역시 중구 중앙대로79길 31 (종로2가)
대구_중구,대구화교중화문화축제,종로 화교소학교 및 화교거리,대구광역시 중구 중앙대로79길 31 (종로2가)
대구_중구,중구미술협회전,봉산문화회관 전시실,
대구_중구,중구미술협회전,봉산문화회관 전시실,
대구_중구,동성로축제,동성로 야외무대,
대구_중구,동성로축제,동성로 야외무대,
대구_중구,동성로축제,동성로 야외무대,
대구_중구,대구화교중화문화축제,종로 화교소학교 및 화교거리,대구광역시 중구 중앙대로79길 31 (종로2가)
대구_중구,대구화교중화문화축제,종로 화교소학교 및 화교거리,대구광역시 중구 중앙대로79길 31 (종로2가)
대구_중구,동성로축제,동성로 야외무대,
대구_중구,동성로축제,동성로 야외무대,
대구_중구,동성로축제,동성로 야외무대,
대구_중구,동성로축제,동성로 야외무대,
대구_중구,봉산도예전,봉산문화거리,
대구_중구,「제34회 대구약령시 한방문화축제」,약령시(약전골목) 일원,대구광역시 중구 남성로 61 (동성로3가)
대구_중구,동성로축제,동성로 야외무대,
대구_중구,동성로축제,동성로 야외무대,
대구_수성구,천을산 해맞이,천을산 정상,
대구_수성구,상화문학제,비대면/수성문화원,대구광역시 수성구 들안로16길 78
대구_수성구,수성못캠프야,수성못 상화동산,대구광역시 수성구 무학로 112
대구_수성구,수성못 뮤지컬 프린지 페스티벌,수성못 일대,대구광역시 수성구 무학로 112
대구_수성구,수성못 페스티벌,비대면/수성못/수성아트피아,대구광역시 수성구 무학로112(두산동)
대구_수성구,수성빛예술제,수성못 일대,대구광역시 수성구 무학로112(두산동)
대구_서구,가족사랑 아이스축제,이현공원물놀이장,대구광역시 서구 문화로 122
대구_서구,미소&행복 구민축제,구민운동장,대구광역시 서구 당산로 403
대구_서구,달구벌목민관축제,서구 일대,대구광역시 서구 국채보상로 257
대구_서구,달성토성마을축제,달성토성 둘레길,대구광역시 서구 국채보상로 81길 43
대구_북구,해맞이 행사,오봉산 등,
대구_북구,금호강 정월대보름축제,산격대교 하단,
대구_북구,금호강 바람소리길축제,산격대교 하단,
대구_동구,코로나19에 따른 축제 취소,코로나19에 따른 축제 취소,대구광역시 동구 아양로 207
대구_달서구,장미꽃 필(feel)무렵,이곡장미공원,대구광역시 달서구 선원남로 129
대구_남구,제27회 대덕제 대구앞산축제,대구앞산빨래터공원+앞산맛둘레길일대,대구광역시 남구 앞산순환로 351-17
대구_남구,제14회 신천돗자리음악회,신천둔치 중동교남편,대구광역시 남구 봉덕2동
대구_중구,대구국제오페라축제,공연장,대구광역시 중구 공평로 88(동인동1가)
대구_중구,대구글로벌게임문화축제 e-fun,동성로,대구광역시 중구 공평로 88(동인동1가)
대구_중구,대구국제바디페인팅페스티벌,공원,대구광역시 중구 공평로 88(동인동1가)
대구_중구,생명사랑환경축제-맹꽁이야 놀자,달성습지,대구광역시 중구 공평로 88(동인동1가)
대구_중구,대구치맥페스티벌,두류공원,대구광역시 중구 공평로 88(동인동1가)
대구_중구,디지털패션문화페스티벌,공원,대구광역시 중구 공평로 88(동인동1가)
대구_중구,대구포크페스티벌,공원,대구광역시 중구 공평로 88(동인동1가)
대구_중구,대구컬러풀페스티벌,국채보상로,대구광역시 중구 공평로 88(동인동1가)
대구_중구,대구국제뮤지컬페스티벌,공연장,대구광역시 중구 공평로 88(동인동1가)
대구_중구,형형색색 달구벌관등놀이,운동장,대구광역시 중구 공평로 88(동인동1가)
대구_중구,대구약령시한방문화축제,약령시장,대구광역시 중구 공평로 88(동인동1가)
대구_서구,달구벌목민관축제,서구 일대,대구광역시 서구 국채보상로 257(평리동)
대구_남구,대덕제 대구앞산축제,앞산,대구광역시 남구 이천로 51(봉덕동)
대구_남구,신천 음악버스킹,신천둔치,대구광역시 남구 이천로 51(봉덕동)
대구_남구,대구할로윈축제,앞산 맛길,대구광역시 남구 이천로 51(봉덕동)
대구_북구,금호강바람소리길축제,금호강 둔치,대구광역시 북구 옥산로 65(침산동)
대구_북구,논두렁밭두렁축제,경북농업기술원,대구광역시 북구 옥산로 65(침산동)
대구_수성구,수성못페스티벌,수성못,대구광역시 수성구 달구벌대로 2450(범어동)
대구_달서구,장미꽃 필 무렵,이곡장미공원,대구광역시 달서구 학산로 45(월성동)
대구_달성군,달성 100대 피아노,사문진 나루터,대구광역시 달성군 논공읍 달성군청로 33
대구_중구,서문시장글로벌대축제,서문시장,대구광역시 중구 국채보상로139길 1(동인동2가)
대구_중구,교동시장한마음축제,교동시장,대구광역시 중구 국채보상로139길 1(동인동2가)
대구_중구,빨간구두이야기,향촌동 수제화골목,대구광역시 중구 국채보상로139길 1(동인동2가)
대구_중구,대구화교중화문화축제,화교거리,대구광역시 중구 국채보상로139길 1(동인동2가)
대구_중구,봉산미술제,봉산문화거리,대구광역시 중구 국채보상로139길 1(동인동2가)
대구_중구,종로맛길축제,종로,대구광역시 중구 국채보상로139길 1(동인동2가)
대구_동구,용암산성 옥샘문화제,불로천,대구광역시 동구 아양로 207(신암동)
대구_동구,팔공산 단풍축제,팔공산 동화지구,대구광역시 동구 아양로 207(신암동)
대구_중구,대구국제재즈축제,공원,대구광역시 중구 공평로 88(동인동1가)
대구_중구,팔공산 산중장터 승시,동화사,대구광역시 중구 공평로 88(동인동1가)
대구_중구,대구생활문화제,동성로,대구광역시 중구 공평로 88(동인동1가)
대구_중구,대봉웨딩거리축제,대봉웨딩거리,대구광역시 중구 국채보상로139길 1(동인동2가)
대구_중구,동성로축제,동성로,대구광역시 중구 국채보상로139길 1(동인동2가)
대구_중구,대구패션주얼리위크,교동,대구광역시 중구 국채보상로139길 1(동인동2가)
대구_중구,대구스트리트모터페스티벌,남산동 자동차골목,대구광역시 중구 국채보상로139길 1(동인동2가)
대구_중구,대구문화재야행,대구근대골목,대구광역시 중구 국채보상로139길 1(동인동2가)
대구_중구,김광석 나의노래 다시부르기,"김광석길, 신천둔치",대구광역시 중구 국채보상로139길 1(동인동2가)
대구_중구,김광석길 페스티벌,김광석길,대구광역시 중구 국채보상로139길 1(동인동2가)
대구_달성군,정월대보름 달맞이문화제,달성보 일원,
대구_달성군,전국민속 소싸움 달성대회,국립대구과학관옆 체육시설부지,
광주_서구,풍암골 신암마을 당산제,풍암 제7어린이공원내 (풍암동1129),
광주_서구,전국 애송시 낭송대회,서구 빛고을 국악전수관 공연장,광주광역시 서구 풍금로 182(금호동)
광주_서구,서창만드리 풍년제,서구 서창동 한옥문화관 일원,광주광역시 서구 서창발산길 10(서창동)
광주_서구,영산강 서창들녁 억새축제,영산강(극락교~서창교 3.5km)일원,광주광역시 서구 서창둑길 377(벽진동)
광주_서구,서구여성합창단 정기 연주회,광주학생교육문화회관,광주광역시 서구 경열로 33(농성동)
광주_북구,용전들노래 가을걷이 한마당,용전동 용전마을 일원,광주광역시 북구 용전마을길 42(용전동)
광주_북구,제21회 용전들노래 정기공연,용전동 용전마을 일원,광주광역시 북구 용전마을길 42(용전동)
광주_동구,추억의 충장축제,"광주 동구 충장로, 금남로, 문화전당, 예술의 거리 일원",광주광역시 동구 서남로 1(동구청)
광주_남구,2019고싸움놀이축제,5.18 민주광장,광주광역시 동구 문화전당로 38
광주_남구,굿모닝 양림,양림동 일원,광주광역시 남구 사직길 49-1
광주_남구,제37회고싸움놀이축제,고싸움놀이테마파크,광주광역시 남구 고싸움로 2
광주_광산구,제2회 비아마을 큰잔치,비아동 공영주차장,광주광역시 광산구 비아중앙로 23-6
광주_광산구,첨단1동 마을축제,쌍암공원,광주광역시 광산구 첨단중앙로182번길 39
광주_광산구,광산우리밀축제,송산유원지,광주광역시 광산구 박호등임로 95
광주_광산구,제5회 광산구 세계음식문화축제,수완호수공원,광주광역시 광산구 장신로82번길 57
광주_동구,추억의충장축제,아시아문화전당 일대,광주광역시 동구 서남로 1
광주_남구,고싸움놀이축제(1차),고싸움놀이테마파크,광주광역시 남구 고싸움로2
광주_남구,고싸움놀이축제(2차),고싸움놀이테마파크,광주광역시 남구 고싸움로 2
광주_서구,서창만드리풍년제,서창한옥문화관 앞 (세동마을 들녘),광주광역시 서구 눌재로 420
광주_남구,광주프린지페스티벌,5·18민주광장 및 국립아시아문화전당 주변,광주광역시 남구 천변좌로338번길 7
광주_남구,광주세계김치축제,서울광장,광주광역시 남구 김치로 60
광주_남구,광주세계김치축제,광주김치타운,광주광역시 남구 김치로 60
광주_남구,광주세계김치축제,광주김치타운,광주광역시 남구 김치로 60
광주_서구,억새생태문화제,극락교 일원,광주광역시 서구 벽진동
광주_동구,세계청년축제,아시아문화전당 일대,광주광역시 동구 금남로 245
광주_남구,굿모닝 양림,양림동및사직공원일원,광주광역시 남구 사직길 49
광주_광산구,신창동 어울림축제,신창동 공방의 거리,광주광역시 광산구 왕버들로 291
광주_광산구,제2회 하남동 도농공 한울타리 어울림축제,경암근린공원,광주광역시 광산구 하남대로54번안길 133
경북_포항시,호미곶한민족해맞이축전,호미곶 해맞이광장 일원,경상북도 포항시 남구 호미곶면 해맞이로 136
경북_포항시,포항국제불빛축제,영일대해수욕장 등 포항시 일원,경상북도 포항시 북구 해안로 95
경북_포항시,포항스틸아트페스티벌,오천예술로 등 포항시 일원,경상북도 포항시 남구 오천읍 문덕리
경북_포항시,포항거리예술축제,송도 송림테마거리 및 해안도로,경상북도 포항시 남구 송도해안길 112번길 3
경북_포항시,장기유배문화축제,"장기유배문화체험관, 장기읍성 등 포항시 일원",경상북도 포항시 남구 장기면 읍내리 127-2
경북_포항시,2021 전국생활문화축제,송도 송림테마거리 및 해안도로,경상북도 포항시 남구 송도해안길 112번길 2
경북_칠곡군,제8회 세계인형음악극축제,칠곡군 교육문화회관 등,경상북도 칠곡군 왜관읍 관문로1길 32
경북_칠곡군,제7회 낙동강세계평화문화 대축전,칠곡보생태공원,
경북_칠곡군,제6회 낙동강세계평화 문화대축전,칠곡군 생태공원,
경북_칠곡군,제7회 칠곡 세계 인형음악극 축제,칠곡군 교육문화회관,경상북도 칠곡군 왜관읍 관문로1길 32
경북_칠곡군,제5회 낙동강세계평화 문화대축전,칠곡군 생태공원,
경북_칠곡군,제6회 칠곡 세계 인형음악극 축제,칠곡군 교육문화회관,경상북도 칠곡군 왜관읍 관문로1길 32
경북_칠곡군,제4회 낙동강세계평화 문화대축전,칠곡보 생태공원,
경북_칠곡군,제5회 칠곡 세계 인형음악극 축제,칠곡군 교육문화회관,경상북도 칠곡군 왜관읍 관문로1길 32
경북_칠곡군,제3회 낙동강세계평화 문화대축전,칠곡보 생태공원,
경북_칠곡군,제4회 칠곡 세계 인형음악극 축제,칠곡군 교육문화회관,경상북도 칠곡군 왜관읍 관문로1길 32
경북_청송군,청송사과축제,청송읍 용전천 변(현비암 일원),
경북_청도군,청도읍성예술제 (코로나19로 인한 2020년 축제 취소),청도읍성일원,경상북도 청도군 화양읍 도주관로 188
경북_청도군,2020청도반시축제 (코로나19로 인한 2020년 축제 취소),청도야외공연장,경상북도 청도군 화양읍 청려로 1846
경북_청도군,2020청도세계코미디아트페스티벌 (코로나19로 인한 2020년 축제 취소),청도야외공연장,경상북도 청도군 화양읍 청려로 1846
경북_의성군,제11회의성세계하늘축제,안계면 위천생태하천,
경북_의성군,제4회의성슈퍼푸드마늘축제,의성군청 및 읍내 시가지 일원,경상북도 의성군 의성읍 군청길 31
경북_울진군,죽변항 수산물 축제,죽변항 일원,경상북도 울진군 죽변면 죽변항길 124
경북_울진군,울진대게와 붉은대게 축제,후포항 왕돌초광장 일원,경상북도 울진군 후포면 울진대게로 236-3
경북_울진군,울진금강송 송이 축제,울진 엑스포 공원,경상북도 울진군 근남면 엑스포로 25
경북_예천군,제3회 예천국제스마트폰영화제,"문화회관, 메가박스",경상북도 예천군 호명면 새움3로 16
경북_영천시,영천문화예술제,영천강변공원 일원,
경북_영천시,영천보현산별빛축제,보현산천문과학관 일원,경상북도 영천시 화북면 별빛로 681-32
경북_영천시,영천한약축제,영천한의마을(예정),
경북_영주시,영주 한국선비문화축제,영주시 선비촌 일원,경상북도 영주시 순흥면 소백로 2796
경북_영주시,영주 소백산철쭉제,영주시 소백산 일원,경상북도 영주시 풍기읍 죽령로 1720번길 76
경북_영주시,영주 무섬외나무다리축제,영주시 무섬마을일원,경상북도 영주시 문수면 무섬로 238-2
경북_영주시,경북영주 풍기인삼축제,풍기읍 남원천 일원,
경북_영주시,영주 사과축제,영주시 서천둔치 일원,
경북_안동시,안동국제탈춤축제,"안동탈춤공원, 시내일원, 하회마을 외",경상북도 안동시 육사로 239(운흥동)
경북_성주군,성주생명문화축제 성주참외페스티벌,성주군 성주읍 성밖숲 일원,경상북도 성주군 성주읍 성밖숲길 30
경북_상주시,함창명주페스티벌,명주테마공원,경상북도 상주시 함창읍 무운로 1593
경북_상주시,오감만족힐링페스티벌,경천섬 일원,경상북도 상주시 상산로 223
경북_봉화군,봉화은어축제,봉화읍 내성천 일원,
경북_문경시,문경약돌한우축제,문경새재도립공원일원,경상북도 문경시 문경읍 새재로932
경북_문경시,문경오미자축제,문경동로초등학교일원,경상북도 문경시 동로면 노은2길 4
경북_문경시,문경사과축제,문경새재도립공원일원,경상북도 문경시 문경읍 새재로932
경북_문경시,문경찻사발축제,문경새재 오픈세트장,경상북도 문경시 문경읍 문경대로 2416
경북_김천시,김천국제가족연극제,김천문화예술회관,경상북도 김천시 영남대로 1321
경북_김천시,김천예술제,김천시 일원,경상북도 김천시 남산동 3-14
경북_김천시,정월대보름달맞이축제,직지천 고수부지,경상북도 김천시 남산동 3-1
경북_김천시,김천자두포도축제,김천시종합스포츠타운 및 체험농장,경상북도 김천시 운동장길 1
경북_구미시,구미음악제,구미시,경상북도 구미시 금오산로 218
경북_구미시,구미전국가요제,구미시,경상북도 구미시 금오산로 218
경북_구미시,대한민국청소년트롯가요제,구미시,경상북도 구미시 금오산로 218
경북_구미시,구미아시아연극제,구미시,경상북도 구미시 금오시장로 4
경북_구미시,구미전국사진공모전,구미시,경상북도 구미시 금오산로 218
경북_구미시,구미전국청소년국악경연대회,구미시,경상북도 구미시 인동가산로 392
경북_구미시,무을생태고을버섯축제,구미시,경상북도 구미시 무을면 상무로 981
경북_구미시,장천코스모스축제,구미시,경상북도 구미시 장천면 강동로 184
경북_구미시,원평방천축제,구미시,경상북도 구미시 구미중앙로 24
경북_구미시,지산샛강문화축제,구미시,경상북도 구미시 선산대로 105
경북_구미시,비산나루터문화축제,구미시,경상북도 구미시 비산로 4
경북_구미시,인동도시숲문화축제,구미시,경상북도 구미시 인동15길 42
경북_구미시,원평공원 성탄트리탑 점등식,구미시,경상북도 구미시 형곡로 242
경북_구미시,구미전국전통연희축제,구미시,경상북도 구미시 구미대로 402-1
경북_구미시,구미동화이야기축제,구미시,경상북도 구미시 송정대로 121-11
경북_구미시,무을농악축제,구미시,경상북도 구미시 무을면 상무로 1207
경북_구미시,해평임도걷기축제,구미시,경상북도 구미시 해평면 강동로 1672
경북_구미시,산동의우위령문화축제,구미시,경상북도 구미시 산동읍 강동로 1038-5
경북_구미시,구미청소년연극제,구미시,경상북도 구미시 금오시장로 4
경북_구미시,금오예술제,구미시,경상북도 구미시 금오산로 218
경북_구미시,구미문화예술동아리페스티벌,구미시,경상북도 구미시 금오산로 218
경북_구미시,찾아가는 음악회,구미시,경상북도 구미시 금오산로 218
경북_구미시,한여름밤의 국악산책,구미시,경상북도 구미시 금오산로 218
경북_구미시,구미학생미술서예실기공모전,구미시,경상북도 구미시 금오산로 218
경북_구미시,구미아트페어,구미시,경상북도 구미시 금오산로 218
경북_구미시,구미문학예술공모전,구미시,경상북도 구미시 금오산로 218
경북_구미시,구미전국농악경연대잔치,구미시,경상북도 구미시 박정희로 155
경북_구미시,대한민국예술축전,구미시,서울특별시 양천구 목동서로 225
경북_고령군,2016 대가야체험축제,"대가야박물관, 대가야역사테마관광지, 대가야문화누리, 관내 일원",경상북도 고령군 대가야읍 대가야로 1216
경북_경주시,제48회 신라문화제,"경주 황성공원 일대, 시가지 일원",경상북도 경주시 용담로 79-48(황성동)
경북_경산시,경산자인단오제,경산시 자인면 계정숲,경상북도 경산시 자인면 계정길 68
경북_경산시,경산갓바위소원성취축제,갓바위공영주차장,경상북도 경산시 와촌면 갓바위로 613
경남_합천군,합천벚꽃마라톤대회,백리벚꽃길 코스,경상남도 합천군 대병면 합천호수로 197
경남_합천군,황매산 철쭉제,황매산군립공원,경상남도 합천군 가회면 황매산공원길 4
경남_합천군,합천바캉스축제,정양레포츠공원,경상남도 합천군 대양면 동부로 39-13
경남_합천군,합천기록문화축제,대장경테마파크,경상남도 합천군 가야면 가야산로 1160
경남_함양군,2021함양산삼항노화엑스포,"상림공원(제1행사장), 대봉산휴양밸리(제2행사장)",
경남_함안군,제28회 함안낙화놀이,무진정,경상남도 함안군 함안면 괴산4길 25
경남_함안군,무술년 삼칠민속줄다리기,칠원읍사무소 사거리,경상남도 함안군 칠원읍 원서로 4
경남_함안군,제32회 함안아라문화제,"함안공설운동장, 함주공원 일원",경상남도 함안군 가야읍 함안대로 619
경남_하동군,악양대봉감축제,하동군 악양면 평사리 일원,경상남도 하동군 악양면 섬진강대로 3145-2
경남_하동군,하동북천꽃양귀비축제,하동군 북천면 꽃단지 일원,경상남도 하동군 북천면 경서대로 2253-21
경남_하동군,토지문학제,하동군 악양면 최참판댁 일원,경상남도 하동군 악양면 평사리길 35
경남_하동군,북천코스모스메밀꽃축제,하동군 북천면 꽃단지 일원,경상남도 하동군 북천면 경서대로 2253-21
경남_하동군,화개장터벚꽃축제,하동군 화개면 영호남화합다목적광장 일원,경상남도 하동군 화개면 쌍계로 58
경남_하동군,알프스하동섬진강재첩축제,하동군 하동읍 송림공원일원,경상남도 하동군 하동읍 섬진강대로 2107-8
경남_하동군,하동야생차문화축제,하동군 화개면 악양면 일원,경상남도 하동군 화개면 쌍계로 571-25
경남_통영시,2021 욕지 섬 문화축제,욕지면 동항(불곡)물량장 일원,경상남도 통영시 욕지면 욕지일주로 77
경남_통영시,2021 사량도 옥녀봉 등반축제,사량면 진촌물량장 일원,경상남도 통영시 사량면 상도일주로 1580-13
경남_통영시,2021 통영한산대첩축제,통영 삼도수군통제영 및 통영시 일원,경상남도 통영시 도남로 317
경남_통영시,2021 한산도 바다체험 축제,한산면 일원,경상남도 통영시 한산면 한산일주로 844
경남_창원시,창원진동불꽃낙화축제,창원진동면 광암항,경상남도 창원시 마산합포구 진동면 광암해안길16-1
경남_창원시,야철제,성산패총,경상남도 창원시 성산구 성산패총로 137
경남_창원시,마산만날제,만날공원,
경남_창원시,남산상봉제,남산공원,경상남도 창원시 의창구 팔용로 494-37
경남_창원시,진해군항제,중원로터리 및 진해구 일원,
경남_창원시,진해군악의장페스티벌,진해공설운동장,경상남도 창원시 진해구 충무로 43(도만동)
경남_창원시,마산가고파국화축제,마산어시장 장어거리 앞 및 창동?오동동 일원,
경남_창원시,개항제례,창원시립 마산음악관 야외,경상남도 창원시 마산합포구 수산2길 35
경남_창녕군,제34회 비사벌문화제,창녕읍 일원,경상남도 창녕군 창녕읍 학천길 13
경남_창녕군,제11회 우포늪 생명길 걷기대회,우포늪 일원,경상남도 창녕군 창녕읍 당산길 9
경남_진주시,진주남강유등축제,진주성 및 진주남강일원,경상남도 진주시 강남로 291번길 10
경남_진주시,개천예술제,진주시 일원,경상남도 진주시 강남로 215(칠암동) 문화예술회관 6층
경남_진주시,코리아드라마페스티벌,"경남문화예술회관, 장대동 남강둔치 일원",경상남도 진주시 신안로 104(신안동) 원불교 건물 3층
경남_진주시,진주논개제,진주성 일원,경상남도 진주시 진양호로 476
경남_의령군,홍의장군축제,의령읍 일원,경상남도 의령군 의령읍 의병로8길 44
경남_의령군,한우산 철쭉제,궁류면 벽계리 한우산 정상,
경남_양산시,양산삽량문화축전,양산천둔치일원,경상남도 양산시 중앙로 39-1
경남_양산시,원동매화축제,"원동교 특설무대, 쌍포매실다목적광장",경상남도 양산시 원동면 원동로 2220
경남_양산시,양산웅상회야제,웅상체육공원,경상남도 양산시 배움터길60-19
경남_양산시,배내골고로쇠축제,배내골홍보관,경상남도 양산시 원동면 배내로 431
경남_양산시,원동청정미나리축제,함포마을일원,경상남도 양산시 원동면 원동로 1708
경남_양산시,배내골사과축제,양산배내골 홍보관,경상남도 양산시 원동면 배내로 431
경남_산청군,미정,미정,경상남도 산청군 산청읍 산엔청로1
경남_사천시,와룡문화제,사천시청 노을광장 일원,경상남도 사천시 용현면 시청로 77
경남_밀양시,밀양공연예술축제,밀양아리나,경상남도 밀양시 부북면 창밀로 3097-16
경남_남해군,상주해돋이&물메기축제,상주은모래비치,
경남_남해군,가천다랭이마을해맞이행사,다랭이마을,경상남도 남해군 남면 남면로 702 공중화장실 및 주차장
경남_남해군,독일마을 맥주축제,삼동면 독일마을,경상남도 남해군 삼동면 독일로 92
경남_남해군,상주은모래비치 썸머페스티벌,상주은모래비치,
경남_김해시,김해분청도자기축제,진례면 김해분청도자박물관 일원,경상남도 김해시 진례면 진례로 275-35
경남_고성군,당항포대첩축제,당항포관광지,경상남도 고성군 회화면 당항만로 1116
경남_거창군,거창한마당축제,"스포츠파크, 시내 거리",경상남도 거창군 거창읍 심소정길 39-36
경남_거창군,제50회 아림예술제,거창스포츠파크 일원,경상남도 거창군 거창읍 심소정길 39-36
경남_거창군,제9회 거창크리스마스트리문화축제,거창로터리 일원,경상남도 거창군 거창읍 중앙로 103
경남_거창군,부처님오신날 연등축제,거창로터리 일원,
경남_거창군,제21회 거창예총제,거창문화센터 공연장,경상남도 거창군 거창읍 수남로 2181
경남_거창군,제14회 거창 단오제,복합문화단지 야외공연장,경상남도 거창군 거창읍 수남로 2193-40
경남_거창군,제16회 거창전국 한시백일장대회,거창문화원 공연장,경상남도 거창군 거창읍 수남로 2193-40
경남_거제시,산방산삼월삼짇날축제,산방산 임도,
경남_거제시,대금산진달래축제,대금산 중턱,
경남_거제시,양지암축제,양지암공원,
경남_거제시,거제맹종대나무축제,거제맹종죽테마파크,
경남_거제시,거제 옥포대첩 축제,옥포대첩기념공원/ 옥포동 일원,
경남_거제시,남부면 수국축제,매물도 여객선 주차장,
경남_거제시,바다로 세계로,거제시 일원,경상남도 거제시 계룡로 125
경남_거제시,거제맥주축제,장승포 수변공원,
경남_거제시,거제학동몽돌해변 불꽃축제,학동흑진주몽돌해변,
경남_거제시,거제 섬꽃축제,거제시 농업개발원,경상남도 거제시 거제면 거제남서로 3577
경남_거제시,거제 대구수산물 축제,외포항 일원(2020년 온라인 개최),
경북_울릉도,울릉해변가요제,저동항,
경북_울릉도,우산문화제,도동항,
경북_울릉도,오징어축제,저동항,
경북_울릉도,회당문화재,도동항,
경북_울릉도,민속그네뛰기,사동 자생식물원,경상북도 울릉군 울릉읍 간령길 83-18
경북_울릉도,달맞이축제,울릉예술문화체험장(구.장흥초등학교),경상북도 울릉군 울릉읍 옥천길 8
경북_울릉도,태하성하신당제,서면 태하 성하신당,경상북도 울릉군 서면 태하길 154
경북_영양군,제15회 영양산나물축제,영양군청 일원,경상북도 영양군 영양읍 군청길 37
경북_영양군,2020 영양고추 H.O.T Festival,서울광장,서울특별시 중구 세종대로 110
경북_영덕군,해맞이축제,영덕삼사해상공원,
경북_영덕군,영덕대게축제,경상북도 영덕군 강구항 해파랑공원,
경북_영덕군,영덕황금은어축제,오십천 둔치 일원,
경북_영덕군,영덕물가자미축제,축산항 일원,
경북_군위군,김수환추기경 사랑과 나눔 문화축전,삼국유사교육문화회관,경상북도 군위군 군위읍 군청로 200
경남_김해시,가야문화축제,"수릉원, 대성동 고분군, 가야의거리 일원",경상남도 김해시 가야의길 126
경남_거제시,송년불꽃축제,장승포항 일원,경상남도 거제시 장승로 138
경남_거제시,신년해맞이행사,장승포 몽돌개,
경기_화성시,(취소) 제11회 푸른 화성 지키기 환경자전거 대행,동탄센트럴파크,경기도 화성시 동탄공원로1길 26-23
경기_화성시,(취소) 제21회 화성 효 마라톤 대회,화성종합경기타운,경기도 화성시 향남읍 향남로 470
경기_화성시,(취소) 2020 화성뱃놀이축제,전곡항,경기도 화성시 서신면 당성로 339-9
경기_화성시,(취소) 2020 화성송산포도축제,궁평항,경기도 화성시 서신면 궁평항로 1049-24
경기_화성시,(취소) 정조 효 문화제,융건릉,경기도 화성시 용주로 136
경기_화성시,(취소) 2020 화성시 평생학습박람회,미정,경기도 화성시 향남읍 향남로 470
경기_화성시,(취소) 화성시민 한마음 체육대회,화성종합경기타운,경기도 화성시 향남읍 향남로 470
경기_하남시,하남이성문화축제,온라인행사,각 가정
경기_포천시,제17회 포천 벡운계곡 동장군축제,백운계곡 일원,경기도 포천시 이동면 도평리
경기_평택시,평택호물빛축제,현덕면 평택호관광단지,경기도 평택시 현덕면 평택호2길 183
경기_파주시,제15회 파주개성인삼축제(온라인판매),임진각 광장,경기도 파주시 임진각로177
경기_파주시,제24회 파주장단콩축제(온라인판매),임진각 광장,경기도 파주시 임진각로177
경기_이천시,이천백사산수유꽃축제,백사면 도립리+송말리+경사리 일원,경기도 이천시 백사면 원적로775번길 17
경기_이천시,이천국제일루전페스티벌,이천시 설봉공원+이천아트홀,경기도 이천시 경충대로2697번길 306
경기_이천시,이천쌀문화축제,이천시 설봉공원,경기도 이천시 경충대로2697번길 306
경기_이천시,이천도자기축제,이천시 신둔면 예스파크,경기도 이천시 신둔면 도자예술로5번길 109
경기_이천시,햇사레장호원복숭아축제,장호원햇사레산지유통센터,경기도 이천시 장호원읍 서동대로8759번길 117
경기_이천시,이천인삼축제,이천시 설봉공원,경기도 이천시 경충대로2697번길 306
경기_이천시,설봉산별빛축제,설봉공원야외대공연장,경기도 이천시 경충대로2697번길 304
경기_이천시,체험문화축제,이천시 설봉공원,경기도 이천시 경충대로2697번길 306
경기_의정부시,의정부 국제가야금축제,의정부예술의전당,경기도 의정부시 의정로 1
경기_의정부시,블랙뮤직페스티벌,의정부 시청 앞 광장,경기도 의정부시 의정로 1
경기_의정부시,의정부음악극축제,의정부예술의전당 및 시 일원,경기도 의정부시 의정로 1
경기_의왕시,의왕철도축제,"자연학습공원, 철도박물관, 조류생태과학관, 의왕역 등",
경기_의왕시,의왕백운호수축제,백운호수 공영주차장,의왕시 백운로 526
경기_용인시,2019 보정역생활문화센터 <청춘파티  - 특별프로그램>,보정역생활문화센터,경기도 용인시 기흥구 용구대로 2585
경기_용인시,할미성 대동제,용인중앙시장 광장,경기도 용인시 처인구 중부대로 1199
경기_용인시,포은문화제,정몽주 묘역,경기도 용인시 처인구 중부대로 1199
경기_오산시,제33회 시민의 날 문화행사,오산종합운동장,경기도 오산시 경기동로 15
경기_오산시,제12회 오산 독산성 문화제,독산성 및 고인돌 공원,경기도 오산시 독산성로269번길 144
경기_오산시,2021 제15회 종합예술제,"문예회관, 미술관",경기도 오산시 현충로 100
경기_오산시,2021 오산 통기타 페스티벌,오산종합운동장,경기도 오산시 경기동로 15
경기_오산시,제8회 오산 봄누리 예술축제,고인돌 공원,경기도 오산시 여계산로 10
경기_오산시,제5회 전국 까마귀 복면 가요제,오산시청 광장,경기도 오산시 성호대로 141
경기_연천군,제28회 연천 구석기 축제,연천전곡리유적,경기도 연천군 전곡읍 양연로 1510
경기_연천군,2019 연천 구석기 겨울축제,연천전곡리유적,경기도 연천군 전곡읍 양연로 1510
경기_여주시,여주도자기축제(일자미정),여주 신륵사관광지 일원,경기도 여주시 신륵사길 7
경기_여주시,여주오곡나루축제(일자미정),여주 신륵사관광지 일원,경기도 여주시 신륵사길 7
경기_양평군,양평단월고로쇠축제,단월레포츠공원,경기도 양평군 단월면 보룡길 53
경기_양평군,양평산수유한우축제,개군레포츠공원,경기도 양평군 개군면 자진개1길 83
경기_양평군,용문산산나물축제,용문산관광지일대,경기도 양평군 용문면 용문산로 782
경기_양평군,양평물축제,옥천레포츠공원,경기도 양평군 옥천면 옥천체육공원길 66
경기_양평군,양평부추축제,양동역일대,경기도 양평군 양동면 양동역길 19
경기_양평군,양평김장보쌈축제,물맑은양평종합운동장,경기도 양평군 양평읍 종합운동장로 7
경기_안양시,2016 광복기념음악회,병목안시민공원,경기도 안양시 만안구 병목안로 215
경기_안양시,2014 안양 아줌마축제,평촌중앙공원,경기도 안양시 동안구 관평로 149 (평촌동)
경기_안양시,2015 안양 시민축제,"평촌중앙공원, 삼덕공원",경기도 안양시 동안구 관평로 149 (평촌동)
경기_안양시,2015 안양 아줌마축제,평촌중앙공원,경기도 안양시 동안구 관평로 149 (평촌동)
경기_안양시,2016 안양 시민축제,"평촌중앙공원,삼덕공원.범계로데오",경기도 안양시 동안구 관평로 149 (평촌동)
경기_안양시,2016 안양 아줌마축제,평촌중앙공원,경기도 안양시 동안구 관평로 149 (평촌동)
경기_안양시,2016 제5회 안양공공예술프로젝트,안양예술공원,경기도 안양시 만안구 예술공원로 180(안양동)
경기_안양시,2014 안양시민축제,"평촌중앙공원, 삼덕공원",경기도 안양시 동안구 관평로 149 (평촌동)
경기_안양시,2017 안양충훈벚꽃축제,안양충훈2교일대,경기도 안양시 만안구 석수로 159
경기_안양시,2017 안양 아줌마축제,평촌중앙공원,경기도 안양시 동안구 관평로 149 (평촌동)
경기_안양시,2017 광복기념음악회,안양아트센터 관악홀,경기도 안양시 만안구 문예로 36번길 16
경기_안양시,2017 안양 시민축제,"평촌중앙공원,병목안시민공원,범계로데오",경기도 안양시 동안구 관평로 149 (평촌동)
경기_안양시,2018 안양충훈벚꽃축제,안양충훈2교일대,경기도 안양시 만안구 석수로 159
경기_안양시,2018 안양여성축제,평촌중앙공원,경기도 안양시 동안구 관평로 149 (평촌동)
경기_안양시,2018 광복기념음악회,병목안시민공원,경기도 안양시 만안구 병목안로 215
경기_안양시,2018 안양 시민축제,"평촌중앙공원,병목안시민공원,범계로데오",경기도 안양시 동안구 관평로 149 (평촌동)
경기_안양시,2019 안양충훈벚꽃축제,안양충훈2교일대,경기도 안양시 만안구 석수로 159
경기_안양시,2019 안양여성축제,평촌중앙공원,경기도 안양시 동안구 관평로 149 (평촌동)
경기_안양시,2019 광복기념음악회,병목안시민공원,경기도 안양시 만안구 병목안로 215
경기_안양시,2019 안양 시민축제,"평촌중앙공원,병목안시민공원,범계로데오",경기도 안양시 동안구 관평로 149 (평촌동)
경기_안성시,2021 안성맞춤 남사당 바우덕이축제,안성맞춤랜드,경기도 안성시 보개면 남사당로 198
경기_안성시,2021 안성맞춤 남사당 바우덕이축제,안성맞춤랜드,경기도 안성시 보개면 남사당로 198
경기_안산시,대부포도축제,구)바다향기테마파크,
경기_안산시,청소년어울림마당 3회차,상록청소년수련관,경기도 안산시 상록구 삼일로 696
경기_안산시,제7회 상록수문화제,"최용신기념관,상록수공원",경기도 안산시 상록구 샘골서길 64
경기_안산시,청소년어울림마당 4회차,안산대학교,경기도 안산시 상록구 삼일로 696
경기_안산시,청소년어울림마당 5회차,상록청소년수련관,경기도 안산시 상록구 삼일로 696
경기_안산시,청소년어울림마당 1회차,상록청소년수련관,경기도 안산시 상록구 삼일로 696
경기_안산시,청소년어울림마당 2회차,상록청소년수련관,경기도 안산시 상록구 삼일로 696
경기_안산시,그랑꼬또 와인 페스티벌,그랑꼬또와이너리,경기도 안산시 단원구 뻐꾹산길 107
경기_안산시,2018 안산 김홍도축제,화랑유원지,경기도 안산시 단원구 동산로 268
경기_안산시,안산사이언스밸리(ASV) 과학축제,한양대 ERICA,경기도 안산시 상록구 한양대학로 55
경기_안산시,제11주년 세계인의 날 기념행사,안산화랑유원지,경기도 안산시 단원구 동산로 268
경기_안산시,안산국제거리극축제,안산문화광장 및 안산시 일대,경기도 안산시 단원구 광덕대로 157
경기_안산시,별빛달빛놀이터,단원청소년수련관,경기도 안산시 단원구 화정천서로 369
경기_안산시,청소년의달 기념행사 <열정유>,단원청소년수련관,경기도 안산시 단원구 화정천서로 369
경기_안산시,제12주년 세계인의 날 기념행사,안산문화광장,경기도 안산시 단원구 광덕대로 157
경기_안산시,안산국제거리극축제,안산문화광장 및 안산시 일대,경기도 안산시 단원구 광덕대로 157
경기_안산시,여르미오페스티벌,안산시 문화광장,경기도 안산시 단원구 화랑로 312
경기_안산시,제6회 상록수문화제,"본오3동공영주차장, 매화길, 상록수역 앞 광장",경기도 안산시 상록구 샘골서길 64
경기_안산시,2018 안산시 평생학습 한마당 & 제8회 안산시도서관책문화축제,안산 호수공원 중앙광장,경기도 안산시 상록구 해안로 561(사동)
경기_안산시,2017 안산시 평생학습 박람회 & 제7회 안산시도서관책문화축제,안산시 문화광장,경기도 안산시 단원구 광덕대로 206
경기_안산시,제10주년 세계인의 날 기념행사,안산문화광장,경기도 안산시 단원구 광덕대로 157
경기_안산시,제5회 상록수문화제,"본오3동공영주차장,상록수공원 및 샘골로 일대",경기도 안산시 상록구 샘골서길 64
경기_안산시,여르미오페스티벌,안산시 문화광장,경기도 안산시 단원구 광덕대로 157
경기_안산시,안산 대부포도축제,대부바다향기테마파크,경기도 안산시 단원구 대부황금로 1490(대부북동)
경기_안산시,제3회 상록수문화제,"본오3동공영주차장,상록수공원 및 샘골로 일대",경기도 안산시 상록구 샘골서길 64
경기_안산시,안산시도서관책문화축제,안산 호수공원 중앙광장,경기도 안산시 상록구 해안로 561(사동)
경기_안산시,안산국제거리극축제,안산시 문화광장,경기도 안산시 단원구 광덕대로 157
경기_안산시,제9회 세계인의 날 기념행사,외국인주민센터 야외광장,경기도 안산시 단원구 부부로 43
경기_안산시,여르미오페스티벌,안산시 문화광장,경기도 안산시 단원구 화랑로 312
경기_안산시,제4회 상록수문화제,"본오3동공영주차장,상록수공원 및 샘골로 일대",경기도 안산시 상록구 샘골서길 64
경기_안산시,2016 평생학습 박람회 & 제6회 도서관책문화축제,안산 호수공원 중앙광장,경기도 안산시 상록구 해안로 561(사동)
경기_안산시,안산국제거리극축제,안산문화광장 및 안산시 일대,경기도 안산시 단원구 광덕대로 157
경기_안산시,제1회 상록수문화제,상록수공원 및 샘골로 일대,경기도 안산시 상록구 샘골서길 64
경기_안산시,제2회 상록수문화제,상록수공원 및 샘골로 일대,경기도 안산시 상록구 샘골서길 64
경기_안산시,안산시도서관책문화축제,안산 호수공원 중앙광장,경기도 안산시 상록구 해안로 561(사동)
경기_안산시,안산국제거리극축제,안산시 문화광장,경기도 안산시 단원구 광덕대로 157
경기_안산시,제8회 세계인의 날 기념행사,외국인주민센터 야외광장,경기도 안산시 단원구 부부로 43
경기_안산시,안산M밸리록페스티벌,대부도바다향기테마파크,경기도 안산시 단원구 대부황금로 1490(대부북동)
경기_시흥시,제15회 시흥갯골축제,"온라인, 오프라인",온라인
경기_수원시,2021 정조대왕 능행차 공동재현,화성행궁,경기도 수원시 팔달구 정조로 825
경기_수원시,제58회 수원화성문화제,수원화성 일원,경기도 수원시 팔달구 정조로 825
경기_수원시,2021 세계유산축전 수원화성,수원화성 일원,경기도 수원시 팔달구 정조로 825
경기_수원시,2021 수원화성 미디어아트쇼,화서문 일원,
경기_성남시,모란축제추진위원회,모란오거리쉼터,경기도 성남시 중원구 제일로 35번길 51
경기_성남시,은행골한마음잔치,은행2동 초등학교,경기도 성남시 중원구 순환로 447번길 11
경기_성남시,중원한마당축제,종합운동장보조구장(미정),경기도 성남시 중원구 광명로 377
경기_성남시,분당구민 한마음 축제,야외공연장 중앙공원(미정),경기도 성남시 분당구 성남대로 550
경기_성남시,청계산철쭉축제,옛골입구,경기도 성남시 수정구 상적동 216-2
경기_성남시,수정숯골축제,성남초교(미정),경기도 성남시 수정구 수정로 233
경기_성남시,벌터산 축제,벌터산공원,경기도 성남시 수정구 수진동 산41-3
경기_부천시,부천국제판타스틱영화제,부천시청 등,경기도 부천시 길주로 210
경기_부천시,부천전국비보이대회,부천마루광장,"경기도 부천시 길주로121번길 18-19(상동, 준프라자)"
경기_부천시,부천국제만화축제,한국만화박물관 및 영상문화단지 일대,경기도 부천시 길주로 1
경기_부천시,부천세계비보이대회,부천마루광장,"경기도 부천시 길주로121번길 18-19, 5층(상동, 준프라자)"
경기_부천시,부천전국대학가요제,부천마루광장,"경기도 부천시 호현로489번길 52(소사본동, 서울신학대학교)"
경기_부천시,부천국제애니메이션페스티벌,"한국만화박물관, CGV부천, 부천시청, 메가박스COEX",경기도 부천시 길주로 1
경기_동두천시,왕방산 국제MTB대회,왕방산 일원,경기도 동두천시 어등로 45
경기_동두천시,2019 제4회 이담농악두드림대축제,중앙 도심교통광장,경기도 동두천시 중앙로 268
경기_동두천시,제4회 동두천 국제 트레일러닝 대회,종합운동장,경기도 동두천시 어등로 45
경기_동두천시,상패남산축제,상패동수변공원,경기도 동두천시 어수로 8
경기_동두천시,천사마라톤대회,종합운동장,경기도 동두천시 어등로 45
경기_동두천시,동두천 청소년 별자리과학 축제,종합운동장,경기도 동두천시 어등로 45
경기_동두천시,동두천시 자원봉사 축제,송내동 시민평화공원,경기도 동두천시 중앙로 125
경기_동두천시,DDC할로윈클럽데이,보산동 한미우호광장,경기도 동두천시 상패로216번길 42
경기_남양주시,제16회 광릉숲축제,남양주시 광릉숲 일원,경기도 남양주시 진접읍 봉선사길 32
경기_남양주시,제35회 정약용문화제,"정약용유적지, 다산 생태공원, 팔당 수변도로 일원",경기도 남양주시 조안면 다산로747번길 11
경기_김포시,2021 김포 도심축제,라베니체 수변상가 일원,경기도 김포시 김포한강2로24번길 29
경기_군포시,군포철쭉축제,철쭉동산,경기도 군포시 수리산로 69
경기_구리시,제15회 구리한강 유채꽃 축제,구리한강 시민공원,경기도 구리시 토평동 883-2
경기_구리시,제15회 구리 코스모스 축제,구리한강 시민공원,경기도 구리시 토평동 883-2
경기_구리시,제16회 구리한강 유채꽃 축제,구리한강 시민공원,경기도 구리시 토평동 883-2
경기_구리시,제16회 구리 코스모스 축제,구리한강 시민공원,경기도 구리시 토평동 883-2
경기_구리시,제17회 구리 유채꽃 축제,구리한강 시민공원,경기도 구리시 토평동 829
경기_구리시,제17회 구리 코스모스 축제,구리한강 시민공원,경기도 구리시 토평동 829
경기_구리시,제18회 구리 유채꽃 축제,구리한강 시민공원,경기도 구리시 토평동 883-2
경기_구리시,제18회 구리 코스모스 축제,구리한강 시민공원,경기도 구리시 토평동 883-2
경기_구리시,제19회 구리 유채꽃 축제,구리한강 시민공원 및 시가지 일원,경기도 구리시 토평동 883-2
경기_구리시,제19회 구리 코스모스 축제,구리한강 시민공원 및 시가지 일원,경기도 구리시 토평동 883-2
경기_광주시,광주 남한산성문화제,남한산성도립공원,
경기_광주시,광주왕실도자기축제,곤지암도자공원(코로나19로 취소),경기도 광주시 곤지암읍 경충대로 727
경기_광주시,퇴촌토마토축제,퇴촌면 공설운동장(코로나19로 취소),경기도 광주시 퇴촌면 광동리 530
경기_과천시,제22회 과천축제,과천청사 잔디마당 등 과천시 일원,경기도 과천시 통영로 5 (과천시민회관 2층)
경기_고양시,2021 고양호수예술축제,고양시 일산호수공원 및인근거리,경기도 고양시 일산동구 호수로 595
경기_고양시,제33회 고양행주문화제,행주산성 및 행주산성 역사공원,경기도 고양시 덕양구 행주로 15번길 89
경기_가평군,자라섬 국제재즈페스티벌,가평읍 읍내리 자라섬 일원,경기도 가평군 가평읍 자라섬로 60
경기_양주시,(미정)2021 양주 천만송이 천일홍 축제,나리농원 일원,경기도 양주시 광사로 131-66
경기_광명시,농악대축제,시민운동장,경기도 광명시 오리로703 광명시민운동장
경기_광명시,농악대축제,시민운동장,경기도 광명시 오리로703 광명시민운동장
경기_광명시,구름산예술제,시민회관,경기도 광명시 시청로20 광명시민회관
경기_광명시,제14회 광명시평생학습축제,광명시 전역,"경기도 광명시 오리로 854번길 10(철산동, 광명시평생학습원)"
경기_광명시,제2회 밤일음식문화 거리 축제,밤일음식문화거리 내,경기도 광명시 밤일안로 일대
경기_광명시,구름산예술제,시민회관,경기도 광명시 시청로20 광명시민회관
경기_광명시,제16회 광명시평생학습축제,광명시 전역,경기도 광명시 오리로854번길 10
경기_광명시,제26회 오리문화제,광명시민체육관,경기도 광명시 밤일안로
경기_광명시,구름산예술제,시민회관,경기도 광명시 시청로 20
경기_광명시,농악대축제,시민운동장,경기도 광명시 오리로 703
경기_광명시,"소하도서관 책축제 팔짱, 책을 품다",소하도서관 광장 및 한내천 일대,경기도 광명시 소하일로7
경기_광명시,농악대축제,시민운동장,경기도 광명시 시청로 20
경기_광명시,구름산예술제,시민체육관,경기도 광명시 오리로 703
경기_광명시,제7회 목감천 친환경 축제,우리공원,경기도 광명시 광명로791번길6
경기_광명시,평생학습도시 선언 20주년 컨퍼런스,광명시평생학습원,"경기도 광명시 오리로 854번길 10(철산동, 광명시평생학습원)"
강원_횡성군,둔내고랭지토마토축제,둔내면사무소~둔내파출소 간,강원도 횡성군 둔내면 둔내로51번길 17
강원_횡성군,횡성더덕축제,청일면 유동3리 농거리야영장,강원도 횡성군 청일면 유동로 17
강원_횡성군,안흥찐빵축제,주천강 실미교 아래 둔치,강원도 횡성군 안흥면 안흥로 27
강원_횡성군,횡성한우축제,횡서읍 섬강둔치 일원,강원도 횡성군 횡성읍 문예로 75
강원_화천군,2017 물의나라화천 쪽배축제,강원도 화천군 화천읍 붕어섬일원,강원도 화천군 화천읍 강변로 2-54
강원_화천군,2017 얼음나라화천 산천어축제,강원도 화천군 화천읍 화천천일원,강원도 화천군 화천읍 산천어길 137
강원_홍천군,제3회 홍천사과축제,도시산림공원 토리숲,
강원_홍천군,제4회 서석면 코스모스 축제,서석면 체육공원 일원,
강원_홍천군,사랑말 국화축제,화동리솟대공원,
강원_홍천군,제10회 무궁화축제,종합운동장,
강원_홍천군,제7회 홍천인삼송어축제,홍천강변,
강원_홍천군,제5회바회마을 화전민 축제,홍천군 두촌면 광석로 922-8(괘석2리 교육장),강원도 홍천군 두촌면 광석로 922-8
강원_홍천군,제22회 찰옥수수축제,토리숲,
강원_홍천군,제2회 별빛음악맥주축제,토리숲,
강원_홍천군,인삼한우명품축제,토리숲,
강원_평창군,평창송어축제,진부면 오대천일원,강원도 평창군 진부면 경강로 3562
강원_평창군,대관령눈꽃축제,대관령면 횡계리 송천일원,강원도 평창군 대관령면 장선길 28
강원_평창군,오대산문화축전,오대산 월정사,강원도 평창군 진부면 오대산로 413-28
강원_태백시,태백산눈축제,태백산국립공원 및 시내일원,"강원도 태백시 태붐로 21, 태백시청"
강원_태백시,한강낙동강발원지축제,검룡소 및 황지연못 등 시내일원,"강원도 태백시 태붐로 21, 태백시청"
강원_춘천시,2020 온세대합창페스티벌,KT&G 상상마당 춘천 등 춘천시내일원,강원도 춘천시 효자상길 5번길 13 (효자동)
강원_춘천시,마임아카데미,"축제극장 몸짓, 춘천공연예술연습공간, 캠프페이지 등",강원도 춘천시 춘천로 112
강원_춘천시,봄내예술제,"축제극장 몸짓, 공지천 야외공연장 일대. 소극장 아트쓰리씨어터 등",강원도 춘천시 후석로 160(2층)
강원_춘천시,강원아트페어,춘천문화예술회관 전시장,강원도 춘천시 서부대성로 71(옥천동)
강원_춘천시,춘천인(春1000人)음악회,춘천호반체육관,"강원도 춘천시 공지로 111, 103-1106"
강원_춘천시,강원전국국악경연대회,"춘천MBC공개홀, 강원시청자미디어센터",강원도 춘천시 동내면 원창고개길 9
강원_춘천시,춘천국제고음악제,"국립춘천박물관, 죽림동주교좌성당, 유튜브",강원도 춘천시 남춘로26번길
강원_춘천시,문화도시예비사업-어바웃타임_중도,하중도 생태공원,강원도 춘천시 효석로9번길 13
강원_춘천시,춘천마임축제,"산책로, KT&G 상상마당 야외무대, 고구마섬 등",강원도 춘천시 춘천로 112
강원_춘천시,춘천연극제,"춘천문화예술회관, 축제극장 몸짓, 춘천인형극장 등",강원도 춘천시 서부대성로 71
강원_철원군,제8회 철원 한탄강 얼음트레킹,철원 한탄강 및 승일공원 일원,
강원_철원군,제13회 철원 화강 다슬기축제,김화생활체육공원 및 화강 일원,강원도 철원군 김화읍 청양로 649
강원_철원군,2019 송년콘서트 및 청소년페스티벌,철원실내체육관,강원도 철원군 갈말읍 갈말로 75
강원_철원군,철원 DMZ 평화 꽃송이 축제,고석정 꽃밭,강원도 철원군 동송읍 태봉로 1799-15
강원_철원군,DMZ피스트레인 뮤직 페스티벌,고석정+노동당사+월정리역+소이산,강원도 철원군 동송읍 태봉로 1825
강원_정선군,함백산야생화축제,강원도 정선군 고한읍 함백산,강원도 정선군 고한읍 함백산로 865
강원_정선군,민둥산억새꽃축제,강원도 정선군 남면 민둥산,강원도 정선군 남면 민둥산로 7
강원_정선군,정선아리랑제,강원도 정선군 정선읍 아라리공원,강원도 정선군 정선읍 봉양3길 17
강원_인제군,인제빙어축제,강원도 인제군 남면 부평리 빙어호,강원도 인제군 남면 모루박길 17-46
강원_원주시,섬강축제,간현관광지 섬강 일원,강원도 원주시 지정면 소금산길 26
강원_원주시,원주 용수골꽃양귀비축제,원주시 판부면 용수골길,강원도 원주시 판부면 용수골길 326
강원_원주시,원주 다이내믹댄싱카니발,댄싱공연장,강원도 원주시 단구로 170
강원_원주시,원주 한지문화제,원주한지테마파크 일원,강원도 원주시 한지공원길 151
강원_영월군,단종문화제,장릉 및 영월읍 일원,강원도 영월군 영월읍 단종로 24
강원_영월군,동강국제사진제,동강사진박물관,강원도 영월군 영월읍 영월로 1909-10
강원_영월군,영월동강뗏목축제,동강둔치 일원,
강원_영월군,김삿갓문화제,김삿갓유적지 일원,강원도 영월군 김삿갓면 김삿갓로 216-22
강원_영월군,영월동강겨울축제,동강둔치 일원,
강원_양양군,양양연어축제,양양남대천 둔치 및 부대행사장,
강원_양양군,양양문화제,양양남대천 둔치 및 부대행사장,
강원_양양군,양양송이축제,양양남대천 둔치 및 부대행사장,
강원_양구군,양록제,종합운동장,
강원_양구군,시래기축제,해안면 펀치볼 힐링하우스광장일원,
강원_양구군,도솔산지구전투 전승행사,도솔산전적비,강원도 양구군 양구읍 박수근로 366-33
강원_양구군,2020 DMZ 아트페스타,한반도섬 및 인문학박물관 일원,강원도 양구군 양구읍 파로호로869번길 101 일원
강원_양구군,DMZ마라톤대회,한반도섬 주변,
강원_양구군,달맞이축제,"국토정중앙점, 레포츠공원(평화공업사 앞 주차장)",강원도 양구군 양구읍 박수근로 366-33
강원_삼척시,삼척정월대보름축제,엑스포광장,강원도 삼척시 엑스포로 45
강원_삼척시,삼척맹방유채꽃축제,근덕면 삼척로 유채밭 일대,강원도 삼척시 근덕면 삼척로 3992-8
강원_삼척시,황영조 국제 마라톤 대회,엑스포광장~근덕면 일원,강원도 삼척시 엑스포로 45
강원_삼척시,삼척장미축제,삼척장미공원일원,강원도 삼척시 오십천로 536
강원_삼척시,삼척비치썸패스터벌,삼척해변 일원,강원도 삼척시 테마타운길 19
강원_삼척시,삼척동해왕이사부축제,문화예술회관,강원도 삼척시 중앙로 296
강원_삼척시,삼척평생학습박람회,문화예술회관 광장,강원도 삼척시 엑스포로 45
강원_동해시,동해무릉제,천곡로타리 일원,강원도 동해시 중앙로250 (천곡동)
강원_고성군,고성군민의 날 및 수성문화제,고성종합운동장외 부대시설,강원도 고성군 간성읍 수성로 87
강원_고성군,고성통일명태축제,강원도 고성군 거진읍 거진11리 해변,강원도 고성군 거진읍 해오름해변길 125
강원_강릉시,강릉단오제,강릉시 남대천 단오장 및 지정행사장,강원도 강릉시 단오장길 1 (노암동)
강원_춘천시,춘천인형극제,춘천인형극장 등,강원도 춘천시 영서로 3017
강원_춘천시,호반음악제,강원대 백령아트센터,강원도 춘천시 강원대학길 1
강원_춘천시,춘천가족음악축제,춘천 송암스포츠타운 특설무대,강원도 춘천시 방송길 109
강원_춘천시,문화거리 문화한마당,"강원대학교 후문 상가거리 일대, 국립춘천박물관 일대",강원도 춘천시 춘천로 112 지하1층
강원_춘천시,2020 김유정문학축제,김유정문학촌,강원도 춘천시 신동면 김유정로 1430-14
